Date,High,Low,High_5,Low_5,High_25,Low_25,High_75,Low_75
2022-01-03,115.3725,114.9475,,,,,,
2022-01-04,116.3545,115.2925,,,,,,
2022-01-05,116.2435,115.6215,,,,,,
2022-01-06,116.1865,115.6245,,,,,,
2022-01-07,116.0485,115.523,116.0411,115.4018,,,,
2022-01-10,115.852,115.042,116.137,115.4207,,,,
2022-01-11,115.6825,115.1245,116.0026,115.3871,,,,
2022-01-12,115.4805,114.38,115.85,115.1388,,,,
2022-01-13,114.705,114.0005,115.5537,114.814,,,,
2022-01-14,114.2675,113.4815,115.1975,114.4057,,,,
2022-01-17,114.6515,114.17,114.9574,114.2313,,,,
2022-01-18,115.0605,114.45,114.833,114.0964,,,,
2022-01-19,114.7895,114.206,114.6948,114.0616,,,,
2022-01-20,114.548,113.9635,114.6634,114.0542,,,,
2022-01-21,114.2335,113.604,114.6566,114.0787,,,,
2022-01-24,113.9995,113.4685,114.5262,113.9384,,,,
2022-01-25,114.157,113.67,114.3455,113.7824,,,,
2022-01-26,114.6945,113.778,114.3265,113.6968,,,,
2022-01-27,115.4905,114.475,114.515,113.7991,,,,
2022-01-28,115.6865,115.123,114.8056,114.1029,,,,
2022-01-31,115.5925,114.924,115.1242,114.394,,,,
2022-02-01,115.1945,114.566,115.3317,114.5732,,,,
2022-02-02,114.8035,114.158,115.3535,114.6492,,,,
2022-02-03,114.975,114.328,115.2504,114.6198,,,,
2022-02-04,115.4315,114.7745,115.1994,114.5501,115.18,114.5078,,
2022-02-07,115.3785,114.9145,115.1566,114.5482,115.1803,114.5065,,
2022-02-08,115.628,115.055,115.2433,114.646,115.1512,114.497,,
2022-02-09,115.688,115.3225,115.4202,114.8789,115.129,114.4851,,
2022-02-10,116.3395,115.483,115.6931,115.1099,115.1351,114.4794,,
2022-02-11,116.176,115.0125,115.842,115.1575,115.1402,114.459,,
2022-02-14,115.748,115.011,115.9159,115.1768,115.1361,114.4577,,
2022-02-15,115.8765,115.2575,115.9656,115.2173,115.1438,114.4631,,
2022-02-16,115.7915,115.356,115.9863,115.224,115.1563,114.5021,,
2022-02-17,115.5385,114.8455,115.8261,115.0965,115.1896,114.5359,,
2022-02-18,115.299,114.7865,115.6507,115.0513,115.2309,114.5881,,
2022-02-21,115.126,114.7475,115.5263,114.9986,115.2498,114.6112,,
2022-02-22,115.2435,114.5005,115.3997,114.8472,115.2572,114.6132,,
2022-02-23,115.2005,114.9265,115.2815,114.7613,115.2736,114.642,,
2022-02-24,115.696,114.4085,115.313,114.6739,115.3195,114.6598,,
2022-02-25,115.7615,115.1485,115.4055,114.7463,115.3806,114.7216,,
2022-02-28,115.8975,114.8615,115.5598,114.7691,115.4566,114.7773,,
2022-03-01,115.2915,114.699,115.5694,114.8088,115.5019,114.8185,,
2022-03-02,115.688,114.7925,115.6669,114.782,115.5417,114.8591,,
2022-03-03,115.808,115.3845,115.6893,114.9772,115.5544,114.8955,,
2022-03-04,115.5585,114.6505,115.6487,114.8776,115.5493,114.8766,,
2022-03-07,115.473,114.8235,115.5638,114.87,115.5445,114.8725,,
2022-03-08,115.7915,115.2405,115.6638,114.9783,115.5684,114.8995,,
2022-03-09,115.9435,115.5565,115.7149,115.1311,115.614,114.9555,,
2022-03-10,116.1965,115.803,115.7926,115.2148,115.6628,115.0145,,
2022-03-11,117.3575,116.108,116.1524,115.5063,115.7399,115.0678,,
2022-03-14,118.2195,117.2975,116.7017,116.0011,115.8535,115.1631,,
2022-03-15,118.4505,117.6975,117.2335,116.4925,115.9664,115.2688,,
2022-03-16,119.1245,118.1755,117.8697,117.0163,116.1039,115.3829,,
2022-03-17,119.027,118.3685,118.4358,117.5294,116.2114,115.4984,,
2022-03-18,119.3995,118.4715,118.8442,118.0021,116.3403,115.6367,,
2022-03-21,119.4995,119.0975,119.1002,118.3621,116.4904,115.8002,,
2022-03-22,121.033,119.4375,119.6167,118.7101,116.6966,115.9674,,
2022-03-23,121.4195,120.5935,120.0757,119.1937,116.9217,116.1769,,
2022-03-24,122.411,120.954,120.7525,119.7108,117.1966,116.4212,,
2022-03-25,122.4365,121.1805,121.3599,120.2526,117.4821,116.677,,
2022-03-28,125.1065,122.0125,122.4813,120.8356,117.8814,116.9676,,
2022-03-29,124.307,121.9785,123.1361,121.3438,118.2439,117.2667,,
2022-03-30,123.207,121.313,123.4936,121.4877,118.5642,117.5222,,
2022-03-31,122.457,121.2815,123.5028,121.5532,118.8346,117.7971,,
2022-04-01,123.0385,121.681,123.6232,121.6533,119.1257,118.0584,,
2022-04-04,122.9595,122.266,123.1938,121.704,119.4082,118.3546,,
2022-04-05,123.672,122.373,123.0668,121.7829,119.7434,118.6615,,
2022-04-06,124.053,123.456,123.236,122.2115,120.078,119.0081,,
2022-04-07,124.003,123.4705,123.5452,122.6493,120.4058,119.3315,,
2022-04-08,124.6785,123.6675,123.8732,123.0466,120.7706,119.6922,,
2022-04-11,125.7725,124.1275,124.4358,123.4189,121.1826,120.0643,,
2022-04-12,125.759,124.764,124.8532,123.8971,121.5813,120.4453,,
2022-04-13,126.319,125.349,125.3064,124.2757,121.9963,120.837,,
2022-04-14,126.017,125.0835,125.7092,124.5983,122.3891,121.2082,,
2022-04-15,126.6845,125.8805,126.1104,125.0409,122.7622,121.5991,117.894,117.0582
2022-04-18,126.9995,126.24,126.3558,125.4634,123.1134,121.9568,118.0491,117.2088
2022-04-19,128.976,126.987,126.9992,125.908,123.5344,122.3284,118.2173,117.3647
2022-04-20,129.4085,127.459,127.6171,126.33,123.9458,122.6997,118.3929,117.5226
2022-04-21,128.7075,127.8035,128.1552,126.874,124.333,123.0771,118.5598,117.685
2022-04-22,129.112,127.7375,128.6407,127.2454,124.7215,123.4478,118.734,117.8478
2022-04-25,128.8705,127.523,129.0149,127.502,125.0963,123.7848,118.9076,118.0142
2022-04-26,128.228,127.0245,128.8653,127.5095,125.3841,124.0883,119.0749,118.1729
2022-04-27,128.593,126.95,128.7022,127.4077,125.6711,124.3425,119.2497,118.3405
2022-04-28,131.2565,128.3405,129.212,127.5151,126.0249,124.638,119.4704,118.5317
2022-04-29,130.954,129.316,129.5804,127.8308,126.3656,124.9634,119.6929,118.7428
2022-05-02,130.4805,129.613,129.9024,128.2488,126.5805,125.2674,119.9039,118.9487
2022-05-03,130.293,129.6985,130.3154,128.7836,126.82,125.5762,120.107,119.152
2022-05-04,130.387,128.622,130.6742,129.118,127.1072,125.8686,120.315,119.3443
2022-05-05,130.5595,128.7545,130.5348,129.2008,127.4313,126.1675,120.5285,119.5415
2022-05-06,130.809,130.095,130.5058,129.3566,127.7421,126.5041,120.7495,119.7614
2022-05-09,131.348,130.1145,130.6793,129.4569,128.0776,126.818,120.9808,119.9833
2022-05-10,130.5785,129.7955,130.7364,129.4763,128.3539,127.1149,121.1997,120.1983
2022-05-11,130.8135,129.444,130.8217,129.6407,128.6243,127.3544,121.4147,120.4072
2022-05-12,130.057,127.5195,130.7212,129.3937,128.8665,127.5164,121.6089,120.5811
2022-05-13,129.455,128.348,130.4504,129.0443,129.0575,127.7036,121.7925,120.7574
2022-05-16,129.641,128.7005,130.109,128.7615,129.2123,127.8865,121.9798,120.9411
2022-05-17,129.7835,128.83,129.95,128.5684,129.3733,128.0492,122.1743,121.1313
2022-05-18,129.5385,128.0095,129.695,128.2815,129.502,128.1556,122.3708,121.316
2022-05-19,128.947,127.0255,129.473,128.1827,129.6192,128.2333,122.5571,121.4853
2022-05-20,128.2985,127.53,129.2417,128.0191,129.6838,128.2992,122.7286,121.6554
2022-05-23,128.059,127.1525,128.9253,127.7095,129.7262,128.3357,122.8977,121.8186
2022-05-24,128.0885,126.3605,128.5863,127.2156,129.6907,128.3107,123.0638,121.9693
2022-05-25,127.497,126.655,128.178,126.9447,129.6142,128.2785,123.2213,122.1204
2022-05-26,127.584,126.5525,127.9054,126.8501,129.5693,128.2285,123.3712,122.268
2022-05-27,127.2595,126.678,127.6976,126.6797,129.4952,128.1861,123.519,122.4235
2022-05-30,127.828,126.8595,127.6514,126.6211,129.4535,128.1596,123.6801,122.5815
2022-05-31,128.892,127.5295,127.8121,126.8549,129.48,128.1798,123.8536,122.7451
2022-06-01,130.1895,128.6475,128.3506,127.2534,129.5439,128.2477,124.0456,122.9224
2022-06-02,130.2415,129.511,128.8821,127.8451,129.5033,128.2945,124.2416,123.1179
2022-06-03,130.9825,129.685,129.6267,128.4465,129.5044,128.3092,124.4507,123.3165
2022-06-06,132.013,130.433,130.4637,129.1612,129.5657,128.342,124.6759,123.5257
2022-06-07,132.999,131.8735,131.2851,130.03,129.674,128.429,124.9126,123.7573
2022-06-08,134.4765,132.597,132.1425,130.8199,129.8376,128.588,125.1696,123.9929
2022-06-09,134.5595,133.1855,133.0061,131.5548,129.9976,128.7653,125.4211,124.2433
2022-06-10,134.4845,133.364,133.7065,132.2906,130.1446,128.896,125.6708,124.4862
2022-06-13,135.1995,133.5935,134.3438,132.9227,130.2986,129.0352,125.9281,124.7359
2022-06-14,135.4785,133.873,134.8397,133.3226,130.4946,129.1983,126.1973,124.9916
2022-06-15,135.5925,133.5075,135.0629,133.5047,130.6858,129.3608,126.4627,125.2411
2022-06-16,134.68,131.4935,135.087,133.1663,130.8707,129.5198,126.7143,125.4559
2022-06-17,135.4265,132.17,135.2754,132.9275,131.1096,129.6727,126.9792,125.6895
2022-06-20,135.445,134.5325,135.3245,133.1153,131.3417,129.906,127.2455,125.9523
2022-06-21,136.71,134.922,135.5708,133.3251,131.6188,130.1496,127.5244,126.2147
2022-06-22,136.7145,135.6825,135.7952,133.7601,131.9058,130.4566,127.8014,126.483
2022-06-23,136.2275,134.266,136.1047,134.3146,132.1971,130.7462,128.0685,126.7292
2022-06-24,135.3995,134.3515,136.0993,134.7509,132.4811,131.019,128.309,126.9725
2022-06-27,135.552,134.522,136.1207,134.7488,132.7808,131.3138,128.5401,127.2021
2022-06-28,136.385,135.111,136.0557,134.7866,133.1127,131.6638,128.7793,127.4343
2022-06-29,137.0045,135.773,136.1137,134.8047,133.493,132.0286,129.0177,127.6689
2022-06-30,136.812,135.551,136.2306,135.0617,133.8621,132.3885,129.2548,127.898
2022-07-01,135.988,134.7435,136.3483,135.1401,134.2112,132.7111,129.476,128.115
2022-07-04,135.7745,134.7835,136.3928,135.1924,134.5291,133.0281,129.693,128.3241
2022-07-05,136.3645,135.515,136.3887,135.2732,134.828,133.3475,129.8974,128.5385
2022-07-06,136.0085,134.9485,136.1895,135.1083,135.0608,133.5995,130.0919,128.7299
2022-07-07,136.224,135.5485,136.0719,135.1078,135.3001,133.841,130.2761,128.9245
2022-07-08,136.567,135.3285,136.1877,135.2248,135.5234,134.0668,130.4645,129.1131
2022-07-11,137.7535,136.0365,136.5835,135.4754,135.7531,134.2909,130.6331,129.3001
2022-07-12,137.535,136.475,136.8176,135.6674,135.9345,134.475,130.8095,129.4934
2022-07-13,137.8685,136.693,137.1896,136.0163,136.0702,134.6388,131.005,129.6985
2022-07-14,139.392,137.3335,137.8232,136.3733,136.2635,134.8047,131.2308,129.9125
2022-07-15,139.1305,138.385,138.3359,136.9846,136.4493,135.0056,131.4453,130.1352
2022-07-18,138.5755,137.89,138.5003,137.3553,136.5844,135.1774,131.6535,130.3435
2022-07-19,138.3925,137.3815,138.6718,137.5366,136.7009,135.3178,131.8498,130.5437
2022-07-20,138.378,137.904,138.7737,137.7788,136.8123,135.4936,132.0408,130.7363
2022-07-21,138.8785,137.3,138.671,137.7721,136.9803,135.7259,132.2392,130.9207
2022-07-22,137.9565,135.5665,138.4362,137.2084,137.0815,135.8618,132.4162,131.0793
2022-07-25,136.7895,135.8915,138.079,136.8087,137.1353,135.9161,132.5631,131.2362
2022-07-26,136.973,136.2745,137.7951,136.5873,137.1458,135.9702,132.7126,131.3897
2022-07-27,137.4665,136.324,137.6128,136.2713,137.1759,135.9959,132.8612,131.536
2022-07-28,136.6055,134.201,137.1582,135.6515,137.191,135.9933,133.0024,131.6576
2022-07-29,134.677,132.5045,136.5023,135.0391,137.1621,135.9194,133.109,131.7459
2022-08-01,133.5615,131.602,135.8567,134.1812,137.0825,135.8026,133.1965,131.8174
2022-08-02,133.181,130.394,135.0983,133.0051,136.9543,135.6139,133.2526,131.8628
2022-08-03,134.552,132.2865,134.5154,132.1976,136.8562,135.4745,133.3211,131.9272
2022-08-04,134.4245,132.764,134.0792,131.9102,136.7607,135.363,133.3974,131.9933
2022-08-05,135.505,132.5205,134.2448,131.9134,136.7414,135.2741,133.4826,132.0571
2022-08-08,135.586,134.351,134.6497,132.4632,136.7338,135.2568,133.5721,132.1481
2022-08-09,135.2035,134.668,135.0542,133.318,136.6874,135.2229,133.6651,132.25
2022-08-10,135.305,132.029,135.2048,133.2665,136.6593,135.1061,133.7546,132.3178
2022-08-11,133.3135,131.735,134.9826,133.0607,136.5428,134.9536,133.7821,132.363
2022-08-12,133.895,132.884,134.6606,133.1334,136.436,134.8558,133.8213,132.4106
2022-08-15,133.597,132.555,134.2628,132.7742,136.2697,134.7165,133.8628,132.4498
2022-08-16,134.6865,132.952,134.1594,132.431,136.1558,134.5756,133.9214,132.4932
2022-08-17,135.501,133.907,134.1986,132.8066,136.0611,134.4642,133.9896,132.5637
2022-08-18,135.903,134.648,134.7165,133.3892,135.9215,134.3567,134.0608,132.6423
2022-08-19,137.2285,135.7175,135.3832,133.9559,135.8454,134.25,134.1464,132.7172
2022-08-22,137.653,136.6965,136.1944,134.7842,135.8085,134.2023,134.2305,132.805
2022-08-23,137.7125,135.808,136.7996,135.3554,135.7813,134.1394,134.3256,132.8851
2022-08-24,137.246,136.1725,137.1486,135.8085,135.736,134.0701,134.4114,132.9749
2022-08-25,137.202,136.317,137.4084,136.1423,135.669,134.0308,134.5067,133.0922
2022-08-26,137.7455,136.1895,137.5118,136.2367,135.6605,134.0557,134.6172,133.1967
2022-08-29,139.003,137.5675,137.7818,136.4109,135.7491,134.1227,134.742,133.3149
2022-08-30,139.0805,138.0535,138.0554,136.86,135.8334,134.1939,134.866,133.4379
2022-08-31,139.0065,138.2725,138.4075,137.28,135.895,134.2718,134.9922,133.5748
2022-09-01,140.2295,138.956,139.013,137.8078,136.0399,134.462,135.1427,133.7338
2022-09-02,140.8025,139.871,139.6244,138.5441,136.285,134.7567,135.3094,133.8984
2022-09-05,140.663,140.1195,139.9564,139.0545,136.569,135.0974,135.4774,134.0713
2022-09-06,143.079,140.249,140.7561,139.4936,136.9649,135.4916,135.6773,134.2565
2022-09-07,144.9945,142.719,141.9537,140.3829,137.3826,135.9089,135.9106,134.4706
2022-09-08,144.562,143.319,142.8202,141.2555,137.7881,136.3311,136.137,134.6942
2022-09-09,144.124,141.5035,143.4845,141.582,138.1329,136.6904,136.3618,134.8919
2022-09-12,143.4965,142.1395,144.0512,141.986,138.4493,137.002,136.5708,135.0956
2022-09-13,144.6875,141.622,144.3729,142.2606,138.8287,137.2801,136.7814,135.2835
2022-09-14,144.967,142.5505,144.3674,142.2269,139.2152,137.701,136.9784,135.4689
2022-09-15,143.803,142.797,144.2156,142.1225,139.6347,138.1435,137.1592,135.646
2022-09-16,143.695,142.8285,144.1298,142.3875,140.0267,138.5412,137.3287,135.8213
2022-09-19,143.647,142.643,144.1599,142.4882,140.4287,138.9448,137.4838,135.9841
2022-09-20,143.9245,142.933,144.0073,142.7504,140.7983,139.344,137.6295,136.1315
2022-09-21,144.704,143.3415,143.9547,142.9086,141.1664,139.7214,137.7659,136.2748
2022-09-22,145.904,140.351,144.3749,142.4194,141.5664,139.9495,137.9171,136.3703
2022-09-23,143.463,141.763,144.3285,142.2063,141.8158,140.1913,138.0368,136.4823
2022-09-26,144.7895,143.247,144.557,142.3271,142.1013,140.4533,138.1647,136.611
2022-09-27,144.904,144.061,144.7529,142.5527,142.3889,140.7835,138.2904,136.7469
2022-09-28,144.8735,143.9085,144.7868,142.6661,142.694,141.0929,138.4141,136.8855
2022-09-29,144.815,144.065,144.569,143.4089,142.9985,141.4028,138.5493,137.0532
2022-09-30,144.812,144.203,144.8388,143.8969,143.2812,141.7234,138.6744,137.2136
2022-10-03,145.322,144.156,144.9453,144.0787,143.534,141.9869,138.8061,137.3419
2022-10-04,144.9355,143.8915,144.9516,144.0448,143.7682,142.2204,138.9158,137.4615
2022-10-05,144.848,143.526,144.9465,143.9683,144.0018,142.4306,139.0242,137.5661
2022-10-06,145.1435,144.387,145.0122,144.0327,144.1984,142.6478,139.1431,137.701
2022-10-07,145.444,144.6035,145.1386,144.1128,144.384,142.8371,139.277,137.8377
2022-10-10,145.807,145.236,145.2356,144.3288,144.5898,143.0418,139.4138,137.9806
2022-10-11,145.8985,145.427,145.4282,144.6359,144.7026,143.2489,139.5406,138.1181
2022-10-12,146.974,145.6125,145.8534,145.0532,144.7818,143.3646,139.6735,138.2493
2022-10-13,147.674,146.434,146.3595,145.4626,144.9062,143.4892,139.8184,138.3944
2022-10-14,148.862,147.0915,147.0431,145.9602,145.0958,143.7127,139.99,138.5591
2022-10-17,149.0925,148.4235,147.7002,146.5977,145.3196,143.9641,140.1676,138.7409
2022-10-18,149.391,148.129,148.3987,147.1381,145.5077,144.2244,140.3413,138.9091
2022-10-19,149.9085,149.1,148.9856,147.8356,145.7054,144.4864,140.5266,139.0978
2022-10-20,150.288,149.5525,149.5084,148.4593,145.9648,144.7566,140.7141,139.2845
2022-10-21,151.946,146.2035,150.1252,148.2817,146.2948,144.8916,140.9192,139.4295
2022-10-24,149.7135,145.5055,150.2494,147.6981,146.5375,145.0061,141.0786,139.5558
2022-10-25,149.104,147.513,150.192,147.5749,146.7447,145.1893,141.2329,139.703
2022-10-26,148.4135,146.225,149.893,146.9999,146.8931,145.3046,141.3735,139.8301
2022-10-27,146.941,145.108,149.2236,146.111,146.9345,145.4949,141.4742,139.9337
2022-10-28,147.863,145.9665,148.407,146.0636,147.1105,145.663,141.5906,140.0348
2022-10-31,148.8525,147.5505,148.2348,146.4726,147.2731,145.8352,141.7276,140.1636
2022-11-01,148.8265,146.984,148.1793,146.3668,147.43,145.9521,141.8667,140.2916
2022-11-02,148.379,145.669,148.1724,146.2556,147.5702,146.0225,142.0001,140.3952
2022-11-03,148.452,147.112,148.4746,146.6564,147.7157,146.1444,142.1277,140.526
2022-11-04,148.405,146.555,148.583,146.7741,147.8594,146.2385,142.267,140.6725
2022-11-07,147.57,146.081,148.3265,146.4802,147.9493,146.3155,142.4108,140.8084
2022-11-08,146.937,145.3115,147.9486,146.1457,148.0294,146.3723,142.5436,140.9289
2022-11-09,146.797,145.1715,147.6322,146.0462,148.1073,146.4381,142.668,141.0468
2022-11-10,146.5925,141.199,147.2603,144.8636,148.1653,146.3106,142.8012,141.1401
2022-11-11,142.4825,138.4635,146.0758,143.2453,148.0468,146.065,142.9053,141.2196
2022-11-14,140.8015,138.8015,144.7221,141.7894,147.8466,145.8076,143.0018,141.3156
2022-11-15,140.6285,137.665,143.4604,140.2601,147.6358,145.4971,143.1011,141.4125
2022-11-16,140.294,138.7315,142.1598,138.9721,147.3686,145.2219,143.1777,141.4985
2022-11-17,140.746,138.876,140.9905,138.5075,147.0915,144.9196,143.262,141.58
2022-11-18,140.502,139.6345,140.5944,138.7417,146.7571,144.6213,143.3286,141.6748
2022-11-21,142.2545,140.163,140.885,139.014,146.4836,144.2909,143.4175,141.7523
2022-11-22,142.2445,141.082,141.2082,139.6974,146.1977,144.009,143.5114,141.8378
2022-11-23,141.614,139.163,141.4722,139.7837,145.8659,143.6115,143.5955,141.9329
2022-11-24,139.6285,138.0475,141.2487,139.618,145.4395,143.1513,143.6797,142.0171
2022-11-25,139.598,138.3725,141.0679,139.3656,144.9456,142.8381,143.7557,142.0903
2022-11-28,139.426,137.491,140.5022,138.8312,144.5341,142.5175,143.8335,142.1561
2022-11-29,139.3535,137.867,139.924,138.1882,144.1441,142.1316,143.8957,142.2216
2022-11-30,139.896,137.652,139.5804,137.886,143.8034,141.7887,143.9543,142.2716
2022-12-01,138.1555,135.2105,139.2858,137.3186,143.452,141.3928,143.9843,142.2791
2022-12-02,135.987,133.62,138.5636,136.3681,142.9769,140.899,143.9678,142.2511
2022-12-05,136.861,134.131,138.0506,135.6961,142.4973,140.3622,143.9572,142.2169
2022-12-06,137.4285,135.9625,137.6656,135.3152,142.0414,139.9213,143.9534,142.219
2022-12-07,137.86,136.2175,137.2584,135.0283,141.6206,139.5433,143.9616,142.2196
2022-12-08,137.2485,136.2445,137.077,135.2351,141.1725,139.1086,143.9622,142.2186
2022-12-09,136.9125,135.6045,137.2621,135.632,140.7128,138.6705,143.9511,142.2108
2022-12-12,137.851,136.4985,137.4601,136.1055,140.324,138.2872,143.9358,142.1965
2022-12-13,137.972,134.6545,137.5688,135.8439,139.9654,137.861,143.921,142.1512
2022-12-14,135.9925,134.5095,137.1953,135.5023,139.5332,137.4345,143.8808,142.101
2022-12-15,138.177,135.2305,137.381,135.2995,139.1966,137.1957,143.8534,142.0514
2022-12-16,137.873,136.294,137.5731,135.4374,139.0122,137.109,143.8144,142.0037
2022-12-19,137.1615,135.753,137.4352,135.2883,138.8666,136.987,143.7677,141.9455
2022-12-20,137.4775,130.5645,137.3363,134.4703,138.7406,136.703,143.693,141.8163
2022-12-21,132.5325,131.4905,136.6443,133.8665,138.4301,136.4134,143.5268,141.6666
2022-12-22,132.724,131.6445,135.5537,133.1493,138.1092,136.1241,143.369,141.511
2022-12-23,133.1425,132.154,134.6076,132.3213,137.8149,135.8249,143.2226,141.3863
2022-12-26,133.221,132.319,133.8195,131.6345,137.4535,135.5111,143.0856,141.2554
2022-12-27,133.599,132.636,133.0438,132.0488,137.1077,135.1733,142.9377,141.1355
2022-12-28,134.5,133.3835,133.4373,132.4274,136.8231,134.9421,142.7982,141.0133
2022-12-29,134.501,132.8785,133.7927,132.6742,136.618,134.7353,142.6741,140.8811
2022-12-30,133.096,130.7705,133.7834,132.3975,136.358,134.4313,142.5328,140.7203
2023-01-03,131.2025,129.5075,133.3797,131.8352,136.029,134.1119,142.3669,140.5452
2023-01-04,132.72,129.9265,133.2039,131.2933,135.7637,133.7943,142.2175,140.3717
2023-01-05,134.056,131.6825,133.1151,130.9531,135.5301,133.5555,142.0755,140.2163
2023-01-06,134.776,131.9945,133.1701,130.7763,135.3949,133.4269,141.9271,140.1049
2023-01-09,132.6585,131.3075,133.0826,130.8837,135.2618,133.3344,141.7831,139.9655
2023-01-10,132.4795,131.3835,133.338,131.2589,135.0865,133.2245,141.6189,139.8073
2023-01-11,132.8735,132.066,133.3687,131.6868,134.9043,133.0686,141.4585,139.6473
2023-01-12,132.556,128.8625,133.0687,131.1228,134.6921,132.7744,141.2943,139.4467
2023-01-13,129.4305,127.457,131.9996,130.2153,134.3794,132.4229,141.0892,139.2253
2023-01-16,128.87,127.221,131.2419,129.398,134.0577,132.0876,140.8766,138.9989
2023-01-17,129.164,127.9915,130.5788,128.7196,133.7102,131.7473,140.6612,138.7833
2023-01-18,131.5795,127.565,130.32,127.8194,133.4545,131.4637,140.4831,138.5657
2023-01-19,128.946,127.762,129.598,127.5993,133.1727,131.1938,140.2711,138.3555
2023-01-20,130.614,128.345,129.8347,127.7769,132.8702,130.9184,140.0773,138.1416
2023-01-23,130.891,129.043,130.2389,128.1413,132.5909,130.6284,139.8833,137.9341
2023-01-24,131.1185,129.727,130.6298,128.4884,132.3492,130.3873,139.6875,137.7273
2023-01-25,130.5855,129.266,130.431,128.8286,132.0735,130.3354,139.4833,137.5118
2023-01-26,130.6195,129.0235,130.7657,129.0809,131.997,130.2367,139.2652,137.2906
2023-01-27,130.283,129.4955,130.6995,129.311,131.8993,130.1507,139.0333,137.0648
2023-01-30,130.57,129.203,130.6353,129.343,131.7964,130.0327,138.7895,136.8263
2023-01-31,130.5345,129.745,130.5185,129.3466,131.689,129.9297,138.542,136.5772
2023-02-01,130.4125,128.5355,130.4839,129.2005,131.5615,129.7657,138.289,136.316
2023-02-02,129.14,128.083,130.188,129.0124,131.3471,129.5537,138.0121,136.0358
2023-02-03,131.209,128.33,130.3732,128.7793,131.2154,129.3718,137.7577,135.7528
2023-02-06,132.9035,131.513,130.8399,129.2413,131.2077,129.4015,137.5038,135.5569
2023-02-07,132.7095,130.4765,131.2749,129.3876,131.268,129.4402,137.277,135.3565
2023-02-08,131.542,130.596,131.5008,129.7997,131.2209,129.467,137.0429,135.131
2023-02-09,131.8265,130.3405,132.0381,130.2512,131.1317,129.4133,136.8217,134.9192
2023-02-10,131.8955,129.804,132.1754,130.546,131.0165,129.3257,136.6211,134.7151
2023-02-13,132.9105,131.4,132.1768,130.5234,131.0266,129.3294,136.4218,134.5209
2023-02-14,133.316,131.5,132.2981,130.7281,131.06,129.3341,136.2146,134.3069
2023-02-15,134.361,132.5465,132.8619,131.1182,131.1195,129.3533,136.0217,134.1144
2023-02-16,134.465,133.6055,133.3896,131.7712,131.1959,129.543,135.8362,133.9536
2023-02-17,135.1185,133.819,134.0342,132.5742,131.4234,129.7975,135.6584,133.7763
2023-02-20,134.54,133.9225,134.3601,133.0787,131.6502,130.0655,135.4736,133.6079
2023-02-21,135.2305,134.1475,134.743,133.6082,131.8929,130.3118,135.309,133.4488
2023-02-22,135.063,134.366,134.8834,133.9721,132.0322,130.5838,135.1507,133.3028
2023-02-23,135.3665,134.487,135.0637,134.1484,132.289,130.8528,134.9983,133.1604
2023-02-24,136.5225,134.0595,135.3445,134.1965,132.5254,131.0814,134.864,133.0652
2023-02-27,136.5635,135.914,135.7492,134.5948,132.7523,131.3562,134.7851,133.0312
2023-02-28,136.92,135.734,136.0871,134.9121,132.9843,131.5965,134.7334,132.9903
2023-03-01,136.471,135.2575,136.3687,135.0904,133.2197,131.8362,134.6779,132.9582
2023-03-02,137.104,136.0235,136.7162,135.3977,133.4791,132.1162,134.6354,132.9221
2023-03-03,136.798,135.7465,136.7713,135.7351,133.7397,132.3662,134.5828,132.8804
2023-03-06,136.194,135.367,136.6974,135.6257,133.9647,132.6128,134.5253,132.8235
2023-03-07,137.195,135.542,136.7524,135.5873,134.2311,132.8447,134.4579,132.7618
2023-03-08,137.914,136.4805,137.041,135.8319,134.5312,133.1625,134.4001,132.7005
2023-03-09,137.4395,135.9375,137.1081,135.8147,134.8631,133.4766,134.3445,132.6575
2023-03-10,136.996,134.1135,137.1477,135.4881,135.0946,133.708,134.3094,132.605
2023-03-13,135.057,132.286,136.9203,134.8719,135.1808,133.7389,134.2488,132.5239
2023-03-14,134.903,133.029,136.4619,134.3693,135.2685,133.841,134.1885,132.4644
2023-03-15,135.1165,132.2145,135.9024,133.5161,135.4115,133.9057,134.132,132.389
2023-03-16,133.8275,131.719,135.18,132.6724,135.4915,133.9609,134.0511,132.3099
2023-03-17,133.7205,131.554,134.5249,132.1605,135.5645,134.0309,133.992,132.2612
2023-03-20,132.654,130.5385,134.0443,131.811,135.5543,133.9964,133.9475,132.2201
2023-03-21,132.6335,131.034,133.5904,131.412,135.527,133.9778,133.8912,132.1788
2023-03-22,133.0035,131.0065,133.1678,131.1704,135.4727,133.9162,133.8322,132.1127
2023-03-23,131.665,130.3215,132.7353,130.8909,135.3607,133.7848,133.7496,132.0341
2023-03-24,130.943,129.64,132.1798,130.5081,135.1936,133.6177,133.6655,131.946
2023-03-27,131.7615,130.4955,132.0013,130.4995,135.0825,133.4806,133.5968,131.8779
2023-03-28,131.5675,130.407,131.7881,130.3741,134.936,133.331,133.513,131.7967
2023-03-29,132.893,130.7605,131.766,130.3249,134.8492,133.1867,133.4453,131.7448
2023-03-30,132.968,132.2005,132.0266,130.7007,134.7532,133.0953,133.405,131.714
2023-03-31,133.596,132.589,132.5572,131.2905,134.6362,133.0365,133.3439,131.6788
2023-04-03,133.7585,132.2035,132.9566,131.6321,134.524,132.888,133.289,131.6242
2023-04-04,133.1695,131.523,133.277,131.8553,134.374,132.7196,133.2358,131.5678
2023-04-05,131.847,130.6285,133.0678,131.8289,134.189,132.5344,133.1607,131.5687
2023-04-06,131.9055,130.776,132.8553,131.544,133.9811,132.3245,133.1524,131.5591
2023-04-07,132.3815,131.528,132.6124,131.3318,133.8044,132.1558,133.1478,131.5576
2023-04-10,133.8735,131.9945,132.6354,131.29,133.7116,132.0209,133.1576,131.5555
2023-04-11,133.808,132.975,132.7631,131.5804,133.5761,131.9182,133.1654,131.5642
2023-04-12,134.047,132.736,133.2031,132.0019,133.4214,131.7684,133.1714,131.5655
2023-04-13,133.394,132.0205,133.5008,132.2508,133.2596,131.6118,133.1566,131.5474
2023-04-14,133.838,132.171,133.7921,132.3794,133.1333,131.5341,133.1478,131.5379
2023-04-17,134.5755,133.7125,133.9325,132.723,133.114,131.5911,133.1675,131.5772
2023-04-18,134.708,133.861,134.1125,132.9002,133.1062,131.6244,133.2142,131.6352
2023-04-19,135.1365,133.954,134.3304,133.1438,133.107,131.694,133.2465,131.6889
2023-04-20,134.975,134.014,134.6466,133.5425,133.1529,131.7858,133.2587,131.72
2023-04-21,134.4945,133.5485,134.7779,133.818,133.1839,131.8656,133.255,131.7407
2023-04-24,134.733,133.8925,134.8094,133.854,133.267,131.9997,133.2826,131.7752
2023-04-25,134.4815,133.3635,134.7641,133.7545,133.341,132.0929,133.3093,131.8016
2023-04-26,133.944,133.017,134.5256,133.5671,133.3786,132.1733,133.3236,131.8143
2023-04-27,134.2005,133.21,134.3707,133.4063,133.48,132.2889,133.3455,131.8722
2023-04-28,136.56,133.3395,134.7838,133.3645,133.7047,132.4368,133.4406,131.9507
2023-05-01,137.5455,136.1865,135.3463,133.8233,133.936,132.6645,133.5562,132.0702
2023-05-02,137.7755,136.315,136.0051,134.4136,134.1844,132.9008,133.6711,132.1812
2023-05-03,136.6195,134.668,136.5402,134.7438,134.3334,133.0571,133.7383,132.2759
2023-05-04,134.8825,133.499,136.6766,134.8016,134.41,133.109,133.8174,132.3524
2023-05-05,135.125,133.8845,136.3896,134.9106,134.4712,133.1609,133.8776,132.4262
2023-05-08,135.301,134.6415,135.9407,134.6016,134.5329,133.2584,133.9364,132.5009
2023-05-09,135.363,134.723,135.4582,134.2832,134.6206,133.3864,133.993,132.5675
2023-05-10,135.472,134.112,135.2287,134.172,134.7656,133.5257,134.0581,132.6321
2023-05-11,134.8445,133.745,135.2211,134.2212,134.8832,133.6445,134.1144,132.6951
2023-05-12,135.7585,134.404,135.3478,134.3251,135.0182,133.7595,134.1875,132.7605
2023-05-15,136.3265,135.675,135.5529,134.5318,135.1164,133.9067,134.2642,132.8468
2023-05-16,136.6855,135.6595,135.8174,134.7191,135.2315,134.0141,134.3462,132.9257
2023-05-17,137.715,136.304,136.266,135.1575,135.3782,134.1568,134.4436,133.0292
2023-05-18,138.749,137.2895,137.0469,135.8664,135.5924,134.3676,134.5717,133.152
2023-05-19,138.7315,137.424,137.6415,136.4704,135.7881,134.5777,134.672,133.2733
2023-05-22,138.6875,137.4935,138.1137,136.8341,135.9526,134.729,134.7491,133.353
2023-05-23,138.9145,138.2415,138.5595,137.3505,136.1209,134.9042,134.8319,133.4565
2023-05-24,139.4795,138.23,138.9124,137.7357,136.2946,135.0752,134.9377,133.5583
2023-05-25,140.231,138.8195,139.2088,138.0417,136.5048,135.2674,135.0498,133.6714
2023-05-26,140.727,139.4945,139.6079,138.4558,136.7541,135.5053,135.1675,133.8006
2023-05-29,140.9225,140.115,140.0549,138.9801,137.0017,135.7542,135.2743,133.9168
2023-05-30,140.9335,139.568,140.4587,139.2454,137.2598,136.0024,135.3759,134.0243
2023-05-31,140.4135,139.234,140.6455,139.4462,137.5186,136.251,135.4566,134.1135
2023-06-01,139.951,138.435,140.5895,139.3693,137.7486,136.46,135.5297,134.1779
2023-06-02,140.0725,138.6035,140.4586,139.1911,137.8891,136.6706,135.5958,134.2417
2023-06-05,140.455,139.25,140.3651,139.0181,138.0055,136.7931,135.6747,134.3127
2023-06-06,139.9955,139.096,140.1775,138.9237,138.0943,136.9044,135.7382,134.3787
2023-06-07,140.2475,139.025,140.1443,138.8819,138.2394,137.0787,135.8073,134.4408
2023-06-08,140.2305,138.81,140.2002,138.9569,138.4533,137.2911,135.8722,134.4985
2023-06-09,139.7255,138.758,140.1308,138.9878,138.6373,137.486,135.9149,134.5611
2023-06-12,139.7685,139.065,139.9935,138.9508,138.816,137.663,135.9576,134.6031
2023-06-13,140.309,139.012,140.0562,138.934,139.0139,137.8345,136.0028,134.6468
2023-06-14,140.2915,139.2835,140.065,138.9857,139.2066,138.0414,136.0537,134.7005
2023-06-15,141.5055,139.943,140.32,139.2123,139.4731,138.2893,136.1124,134.7528
2023-06-16,141.9135,139.8535,140.7576,139.4314,139.7193,138.5073,136.1806,134.8075
2023-06-19,142.0045,141.442,141.2048,139.9068,139.9464,138.738,136.2581,134.8885
2023-06-20,142.2555,141.2145,141.5941,140.3473,140.1692,138.9602,136.3256,134.9642
2023-06-21,142.3695,141.2845,142.0097,140.7475,140.3554,139.1594,136.385,135.0282
2023-06-22,143.229,141.609,142.3544,141.0807,140.5346,139.3322,136.4622,135.1038
2023-06-23,143.8725,142.6865,142.7462,141.6473,140.7402,139.5427,136.5539,135.2182
2023-06-26,143.7245,142.936,143.0902,141.9461,140.9417,139.7604,136.6694,135.3602
2023-06-27,144.1785,143.2835,143.4748,142.3599,141.1523,139.9621,136.7931,135.4969
2023-06-28,144.62,143.7295,143.9249,142.8489,141.3579,140.182,136.9198,135.6504
2023-06-29,144.9,144.1345,144.2591,143.354,141.5446,140.3946,137.0675,135.816
2023-06-30,145.072,144.2005,144.499,143.6568,141.7184,140.5829,137.2188,135.9846
2023-07-03,144.9135,143.987,144.7368,143.867,141.8781,140.7378,137.3823,136.1639
2023-07-04,144.7045,144.207,144.842,144.0517,142.0289,140.9233,137.5432,136.3395
2023-07-05,144.737,144.08,144.8654,144.1218,142.2019,141.1172,137.6997,136.5138
2023-07-06,144.655,143.555,144.8164,144.0059,142.39,141.322,137.8729,136.6903
2023-07-07,144.2025,142.0735,144.6425,143.5805,142.5552,141.4608,138.0497,136.8561
2023-07-10,143.008,141.279,144.2614,143.0389,142.6573,141.5419,138.1996,136.9998
2023-07-11,141.464,140.1605,143.6133,142.2296,142.7161,141.5845,138.3316,137.1299
2023-07-12,140.3695,138.155,142.7398,141.0446,142.721,141.5497,138.4313,137.2285
2023-07-13,138.959,137.9235,141.6006,139.9183,142.6701,141.5142,138.5111,137.3048
2023-07-14,139.159,137.24,140.5919,138.9516,142.6474,141.4535,138.5853,137.3668
2023-07-17,139.4085,137.9965,139.872,138.2951,142.633,141.4108,138.6606,137.444
2023-07-18,139.1355,137.6845,139.4063,137.7999,142.5861,141.3577,138.7402,137.5262
2023-07-19,139.996,138.7665,139.3316,137.9222,142.5743,141.337,138.8488,137.6347
2023-07-20,140.5,139.11,139.6398,138.1595,142.5341,141.3037,138.9634,137.7458
2023-07-21,141.955,139.75,140.199,138.6615,142.5357,141.2995,139.0911,137.8555
2023-07-24,141.815,140.743,140.6803,139.2108,142.5281,141.2716,139.197,137.9721
2023-07-25,141.7455,140.853,141.2023,139.8445,142.5077,141.2571,139.3028,138.0771
2023-07-26,141.1865,139.9245,141.4404,140.0761,142.4604,141.2027,139.398,138.173
2023-07-27,141.322,138.768,141.6048,140.0077,142.3841,141.0891,139.5037,138.263
2023-07-28,141.1825,138.064,141.4503,139.6705,142.2765,140.9042,139.6016,138.3415
2023-07-31,142.6925,140.6905,141.6258,139.66,142.2353,140.8144,139.7099,138.4346
2023-08-01,143.546,142.2095,141.9859,139.9313,142.21,140.7714,139.8277,138.5459
2023-08-02,143.478,142.232,142.4442,140.3928,142.1643,140.7115,139.9389,138.6563
2023-08-03,143.8925,142.066,142.9583,141.0524,142.124,140.6288,140.0578,138.7636
2023-08-04,142.941,141.552,143.31,141.75,142.0387,140.5228,140.1704,138.8703
2023-08-07,142.5885,141.512,143.2892,141.9143,141.9457,140.4238,140.2752,138.9719
2023-08-08,143.494,142.402,143.2788,141.9528,141.8973,140.3516,140.3953,139.0924
2023-08-09,143.751,143.0,143.3334,142.1064,141.8579,140.3084,140.5261,139.2255
2023-08-10,144.817,143.279,143.5183,142.349,141.8644,140.2974,140.6677,139.3598
2023-08-11,145.0035,144.42,143.9308,142.9226,141.8964,140.3912,140.7802,139.5075
2023-08-14,145.58,144.652,144.5291,143.5506,141.9993,140.5262,140.8874,139.6204
2023-08-15,145.8695,145.1045,145.0042,144.0911,142.1755,140.7239,140.9953,139.7376
2023-08-16,146.4075,145.3075,145.5355,144.5526,142.417,141.01,141.1258,139.8795
2023-08-17,146.5625,145.619,145.8846,145.0206,142.7212,141.3178,141.2815,140.0411
2023-08-18,145.875,144.926,146.0589,145.1218,142.9898,141.6253,141.4249,140.1883
2023-08-21,146.406,145.1455,146.2241,145.2205,143.2697,141.9112,141.5729,140.3283
2023-08-22,146.407,145.4955,146.3316,145.2987,143.5606,142.2237,141.7202,140.472
2023-08-23,145.88,144.541,146.2261,145.1454,143.7959,142.4547,141.8589,140.611
2023-08-24,145.96,144.6025,146.1056,144.9421,144.0143,142.6744,142.0072,140.7558
2023-08-25,146.6355,145.72,146.2577,145.1009,144.2015,142.9132,142.1522,140.9067
2023-08-28,146.745,146.274,146.3255,145.3266,144.3987,143.1344,142.2911,141.048
2023-08-29,147.377,145.6695,146.5195,145.3614,144.624,143.3271,142.4336,141.1815
2023-08-30,146.5385,145.557,146.6512,145.5646,144.8381,143.5524,142.5513,141.3048
2023-08-31,146.2295,145.35,146.7051,145.7141,145.0344,143.8156,142.651,141.4123
2023-09-01,146.295,144.4405,146.637,145.4582,145.2389,144.0707,142.7519,141.5059
2023-09-04,146.498,146.022,146.5876,145.4078,145.3911,144.284,142.856,141.6196
2023-09-05,147.8025,146.438,146.6727,145.5615,145.5614,144.4531,142.9745,141.7289
2023-09-06,147.819,147.0175,146.9288,145.8536,145.735,144.6445,143.0857,141.846
2023-09-07,147.875,147.0445,147.2579,146.1925,145.8943,144.8437,143.1876,141.9557
2023-09-08,147.872,146.5875,147.5733,146.6219,146.0915,145.0451,143.2829,142.0503
2023-09-11,147.2815,145.902,147.73,146.5979,146.2793,145.2207,143.3677,142.1274
2023-09-12,147.237,146.438,147.6169,146.5979,146.429,145.3821,143.4517,142.219
2023-09-13,147.7615,147.019,147.6054,146.5982,146.5894,145.5429,143.5497,142.3228
2023-09-14,147.569,147.018,147.5442,146.5929,146.6995,145.6924,143.6513,142.4373
2023-09-15,147.953,147.339,147.5604,146.7432,146.8175,145.8092,143.7564,142.5537
2023-09-18,147.881,147.559,147.6803,147.0746,146.9095,145.9255,143.8554,142.6645
2023-09-19,147.9235,147.5055,147.8176,147.2881,146.9917,146.0215,143.9611,142.7766
2023-09-20,148.362,147.4745,147.9377,147.3792,147.0698,146.1082,144.0693,142.8893
2023-09-21,148.4645,147.3215,148.1168,147.4399,147.1459,146.1763,144.1791,143.0028
2023-09-22,148.421,147.5055,148.2104,147.4732,147.2478,146.2795,144.295,143.1194
2023-09-25,148.9655,148.2515,148.4273,147.6117,147.3501,146.4037,144.4176,143.2419
2023-09-26,149.1875,148.705,148.6801,147.8516,147.4614,146.5321,144.536,143.3712
2023-09-27,149.711,148.864,148.9499,148.1295,147.6146,146.705,144.6616,143.4989
2023-09-28,149.5805,149.1485,149.1731,148.4949,147.7594,146.8869,144.7693,143.6216
2023-09-29,149.513,148.525,149.3915,148.6988,147.8745,146.9991,144.8706,143.7373
2023-10-02,149.8795,149.427,149.5743,148.9339,147.9999,147.1252,144.9756,143.8437
2023-10-03,150.162,147.2745,149.7692,148.6478,148.1113,147.1894,145.081,143.9245
2023-10-04,149.32,148.735,149.691,148.622,148.2226,147.3165,145.1737,144.0239
2023-10-05,149.1185,148.2595,149.5986,148.4442,148.3381,147.4329,145.2522,144.1125
2023-10-06,149.538,148.361,149.6036,148.4114,148.4678,147.5897,145.3278,144.1882
2023-10-09,149.244,148.4355,149.4765,148.2131,148.5777,147.6862,145.4013,144.2615
2023-10-10,149.098,148.1625,149.2637,148.3907,148.6295,147.7552,145.4669,144.3266
2023-10-11,149.326,148.424,149.2649,148.3285,148.6898,147.8115,145.5297,144.3892
2023-10-12,149.83,148.954,149.4072,148.4674,148.768,147.8879,145.5954,144.4534
2023-10-13,149.8305,149.4535,149.4657,148.6859,148.8463,148.0025,145.6589,144.5235
2023-10-16,149.764,149.376,149.5697,148.874,148.9456,148.1415,145.7235,144.5953
2023-10-17,149.8515,148.734,149.7204,148.9883,149.0502,148.2333,145.7922,144.6557
2023-10-18,149.939,149.484,149.843,149.2003,149.1373,148.3319,145.8615,144.7277
2023-10-19,149.963,149.667,149.8696,149.3429,149.2331,148.4379,145.9323,144.8092
2023-10-20,149.9935,149.6335,149.9022,149.3789,149.3147,148.5296,146.0095,144.91
2023-10-23,149.9915,149.556,149.9477,149.4149,149.3991,148.6095,146.1026,145.0204
2023-10-24,149.936,149.323,149.9646,149.5327,149.4796,148.6822,146.2156,145.1426
2023-10-25,150.32,149.7955,150.0408,149.595,149.5579,148.7751,146.3483,145.2978
2023-10-26,150.779,149.84,150.204,149.6296,149.6505,148.8758,146.5059,145.4566
2023-10-27,150.414,149.46,150.2881,149.5949,149.7302,148.954,146.6559,145.6196
2023-10-30,149.857,148.805,150.2612,149.4447,149.7659,148.9761,146.7952,145.7637
2023-10-31,151.73,149.028,150.62,149.3857,149.8676,148.989,146.9632,145.9149
2023-11-01,151.664,150.6615,150.8888,149.5589,149.9457,149.0609,147.1187,146.0735
2023-11-02,150.9475,149.843,150.9225,149.5595,150.0004,149.0887,147.258,146.2166
2023-11-03,150.5215,149.195,150.944,149.5065,150.0407,149.1155,147.3723,146.3426
2023-11-06,150.001,149.3585,150.9728,149.6172,150.0456,149.1128,147.4814,146.4575
2023-11-07,150.695,149.933,150.7658,149.7982,150.0669,149.2191,147.6007,146.5785
2023-11-08,151.0595,150.345,150.6449,149.7349,150.1365,149.2835,147.7324,146.7175
2023-11-09,151.389,150.7695,150.7332,149.9202,150.2273,149.3839,147.8666,146.8775
2023-11-10,151.604,151.22,150.9497,150.3252,150.3099,149.4983,148.0056,147.0529
2023-11-13,151.911,151.204,151.3317,150.6943,150.4166,149.609,148.1285,147.1931
2023-11-14,151.796,150.1555,151.5519,150.7388,150.5245,149.6887,148.2385,147.299
2023-11-15,151.414,150.043,151.6228,150.6784,150.6081,149.7535,148.3443,147.4032
2023-11-16,151.431,150.286,151.6312,150.5817,150.6721,149.8068,148.4448,147.5128
2023-11-17,150.777,149.1965,151.4658,150.177,150.71,149.7965,148.5493,147.6147
2023-11-20,149.9905,148.1025,151.0817,149.5567,150.719,149.7456,148.648,147.7026
2023-11-21,148.598,147.151,150.4421,148.9558,150.6689,149.6822,148.716,147.7659
2023-11-22,149.7525,148.0195,150.1098,148.5511,150.6614,149.6237,148.796,147.8328
2023-11-23,149.695,148.889,149.7626,148.2717,150.6507,149.5925,148.8611,147.9076
2023-11-24,149.7145,149.1985,149.5501,148.2721,150.6395,149.5751,148.9239,147.9713
2023-11-27,149.677,148.545,149.4874,148.3606,150.627,149.5347,148.9785,148.0232
2023-11-28,148.834,147.3225,149.5346,148.3949,150.5829,149.4547,149.018,148.0528
2023-11-29,147.911,146.671,149.1663,148.1252,150.4865,149.3297,149.0381,148.071
2023-11-30,148.5225,146.845,148.9318,147.7164,150.3963,149.2099,149.0642,148.0873
2023-12-01,148.348,146.6605,148.6585,147.2088,150.3136,149.0979,149.0972,148.1105
2023-12-04,147.4525,146.2285,148.2136,146.7455,150.2174,148.9949,149.1112,148.1249
2023-12-05,147.3935,146.559,147.9255,146.5928,150.044,148.8961,149.1243,148.1391
2023-12-06,147.5,146.8955,147.8433,146.6377,149.8774,148.7455,149.1459,148.1705
2023-12-07,147.3805,141.6085,147.6149,145.5904,149.7347,148.4161,149.1648,148.1306
2023-12-08,145.2225,142.4975,146.9898,144.7578,149.5228,148.1482,149.146,148.0876
2023-12-11,146.591,144.814,146.8175,144.4749,149.3864,147.9664,149.144,148.0681
2023-12-12,146.211,144.7295,146.581,144.109,149.207,147.7583,149.1284,148.0556
2023-12-13,145.9975,142.633,146.2805,143.2565,149.0045,147.4498,149.1212,148.0166
2023-12-14,143.118,140.9495,145.428,143.1247,148.6737,147.057,149.0797,147.9579
2023-12-15,142.468,141.429,144.8771,142.911,148.3083,146.6653,149.0287,147.9178
2023-12-18,143.1595,142.073,144.1908,142.3628,147.9582,146.3001,148.9842,147.8651
2023-12-19,144.9575,142.247,143.9401,141.8663,147.6847,145.9838,148.9462,147.8092
2023-12-20,144.1025,143.264,143.5611,141.9925,147.3922,145.7126,148.8967,147.7592
2023-12-21,143.7675,142.045,143.691,142.2116,147.0857,145.383,148.8419,147.6925
2023-12-22,142.666,141.863,143.7306,142.2984,146.7612,145.0896,148.7725,147.6295
2023-12-26,142.638,142.094,143.6263,142.3026,146.4671,144.8493,148.7106,147.5788
2023-12-27,142.849,141.5525,143.2046,142.1637,146.2372,144.6253,148.6521,147.5136
2023-12-28,141.887,140.2535,142.7615,141.5616,145.9225,144.3147,148.5738,147.4234
2023-12-29,141.916,140.795,142.3912,141.3116,145.6114,143.9909,148.4984,147.3404
2024-01-02,142.216,141.099,142.3012,141.1588,145.3114,143.667,148.4219,147.2572
2024-01-03,143.735,141.859,142.5206,141.1118,145.0738,143.3995,148.3666,147.1812
2024-01-04,144.852,142.8545,142.9212,141.3722,144.9145,143.2208,148.3257,147.1192
2024-01-05,145.98,143.807,143.7398,142.0829,144.8372,143.1062,148.2939,147.0703
2024-01-08,144.9225,143.6635,144.3411,142.6566,144.6932,142.979,148.2467,147.0216
2024-01-09,144.628,143.4235,144.8235,143.1215,144.5444,142.8495,148.1961,146.9671
2024-01-10,145.8365,144.319,145.2438,143.6135,144.4798,142.7731,148.1544,146.9147
2024-01-11,146.418,145.0,145.557,144.0426,144.4408,142.7108,148.1174,146.8653
2024-01-12,145.572,144.352,145.4754,144.1516,144.3637,142.609,148.0623,146.8051
2024-01-15,145.944,144.872,145.6797,144.3933,144.3062,142.7396,148.0138,146.7481
2024-01-16,147.319,145.585,146.2179,144.8256,144.3901,142.8631,147.9845,146.7089
2024-01-17,148.532,147.067,146.757,145.3752,144.4677,142.9532,147.9666,146.6775
2024-01-18,148.304,147.657,147.1342,145.9066,144.5514,143.0703,147.9418,146.6826
2024-01-19,148.805,147.839,147.7808,146.604,144.6637,143.2785,147.9349,146.6706
2024-01-22,148.306,147.614,148.2532,147.1524,144.8712,143.5451,147.9241,146.662
2024-01-23,148.7,146.9785,148.5294,147.4311,145.1205,143.7671,147.9129,146.6436
2024-01-24,148.4,146.6475,148.503,147.3472,145.3301,143.9501,147.9017,146.6197
2024-01-25,147.9485,147.082,148.4319,147.2322,145.4498,144.1435,147.8863,146.6053
2024-01-26,148.2125,147.4095,148.3134,147.1463,145.6142,144.3093,147.8715,146.5918
2024-01-29,148.339,147.2525,148.32,147.074,145.797,144.5176,147.8516,146.5691
2024-01-30,147.929,147.0985,148.1658,147.098,146.0076,144.727,147.8262,146.5377
2024-01-31,147.9015,146.0115,148.0661,146.9708,146.2181,144.8837,147.8014,146.4928
2024-02-01,147.224,145.8965,147.9212,146.7337,146.3931,145.0575,147.7664,146.455
2024-02-02,148.587,146.242,147.9961,146.5002,146.6611,145.297,147.7484,146.4118
2024-02-05,148.8945,148.266,148.1072,146.7029,146.9402,145.5958,147.7341,146.3931
2024-02-06,148.7885,147.818,148.2791,146.8468,147.2031,145.8646,147.718,146.3689
2024-02-07,148.261,147.618,148.351,147.1681,147.3842,146.095,147.695,146.3431
2024-02-08,149.4805,147.931,148.8023,147.575,147.5693,146.298,147.6889,146.3245
2024-02-09,149.5775,149.0085,149.0004,148.1283,147.7132,146.5061,147.679,146.314
2024-02-12,149.482,148.926,149.1179,148.2603,147.8956,146.7166,147.6617,146.3018
2024-02-13,150.888,149.219,149.5378,148.5405,148.146,146.9484,147.668,146.2986
2024-02-14,150.8245,150.3445,150.0505,149.0858,148.3455,147.1894,147.6809,146.3191
2024-02-15,150.63,149.5285,150.2804,149.4053,148.514,147.3706,147.6663,146.3258
2024-02-16,150.6475,149.8255,150.4944,149.5687,148.717,147.5895,147.6527,146.3147
2024-02-19,150.206,149.873,150.6392,149.7581,148.8875,147.7895,147.6428,146.3151
2024-02-20,150.441,149.685,150.5498,149.8513,149.0124,147.9535,147.6417,146.3216
2024-02-21,150.3945,149.853,150.4638,149.753,149.0869,148.065,147.647,146.3282
2024-02-22,150.691,150.018,150.476,149.8509,149.1824,148.1594,147.6469,146.3293
2024-02-23,150.77,150.292,150.5005,149.9442,149.261,148.2575,147.6431,146.3286
2024-02-26,150.8405,150.293,150.6274,150.0282,149.3623,148.3647,147.6358,146.3223
2024-02-27,150.725,150.0745,150.6842,150.1061,149.4433,148.4885,147.624,146.307
2024-02-28,150.847,150.372,150.7747,150.2099,149.5412,148.6375,147.6099,146.2959
2024-02-29,150.7135,149.208,150.7792,150.0479,149.6518,148.7226,147.5954,146.2833
2024-03-01,150.724,149.9045,150.77,149.9704,149.7523,148.8224,147.5862,146.2814
2024-03-04,150.571,149.8415,150.7161,149.8801,149.8416,148.9259,147.5748,146.2755
2024-03-05,150.5475,149.704,150.6806,149.806,149.9463,149.0301,147.5717,146.2823
2024-03-06,150.088,149.094,150.5288,149.5504,150.0338,149.1534,147.573,146.2955
2024-03-07,149.4515,147.582,150.2764,149.2252,150.1229,149.2209,147.5844,146.3012
2024-03-08,148.1225,146.479,149.7561,148.5401,150.1043,149.2303,147.5626,146.2807
2024-03-11,147.162,146.484,149.0743,147.8686,150.035,149.1591,147.5289,146.2486
2024-03-12,148.1865,146.622,148.6021,147.2522,150.0109,149.1112,147.5085,146.2143
2024-03-13,148.0495,147.233,148.1944,146.88,150.0024,149.0958,147.4868,146.1968
2024-03-14,148.3585,147.4325,147.9758,146.8501,149.9576,149.0759,147.4805,146.1982
2024-03-15,149.166,148.033,148.1845,147.1609,149.9411,149.0369,147.4972,146.2164
2024-03-18,149.334,148.9085,148.6189,147.6458,149.9352,149.0362,147.508,146.2439
2024-03-19,150.964,149.002,149.1744,148.1218,149.9382,149.0275,147.5429,146.2751
2024-03-20,151.821,150.719,149.9287,148.819,149.9781,149.0425,147.6011,146.335
2024-03-21,151.756,150.2655,150.6082,149.3856,150.0231,149.0719,147.6593,146.3844
2024-03-22,151.865,151.005,151.148,149.98,150.0718,149.1191,147.7175,146.4392
2024-03-25,151.5465,151.052,151.5905,150.4087,150.1254,149.1663,147.773,146.5651
2024-03-26,151.606,151.204,151.7189,150.8491,150.172,149.227,147.8582,146.6812
2024-03-27,151.974,151.026,151.7495,150.9105,150.2352,149.274,147.9299,146.764
2024-03-28,151.548,151.1495,151.7079,151.0873,150.2695,149.3192,148.0011,146.8496
2024-03-29,151.501,151.1755,151.6351,151.1214,150.2987,149.3546,148.0745,146.9635
2024-04-01,151.776,151.227,151.681,151.1564,150.3362,149.3919,148.1899,147.1006
2024-04-02,151.804,151.4635,151.7206,151.2083,150.3793,149.4475,148.3144,147.2344
2024-04-03,151.955,151.444,151.7168,151.2919,150.4236,149.4904,148.4317,147.3593
2024-04-04,151.7715,151.1205,151.7615,151.2861,150.466,149.5669,148.5225,147.4776
2024-04-05,151.7525,150.8105,151.8118,151.2131,150.5071,149.6031,148.6245,147.5782
2024-04-08,151.944,151.585,151.8454,151.2847,150.562,149.6728,148.7335,147.7054
2024-04-09,151.9375,151.572,151.8721,151.3064,150.6176,149.7476,148.8572,147.8349
2024-04-10,153.243,151.683,152.1297,151.3542,150.7438,149.8511,148.9986,147.9628
2024-04-11,153.32,152.7595,152.4394,151.682,150.8986,150.0582,149.1382,148.1122
2024-04-12,153.388,152.5905,152.7665,152.038,151.1092,150.3027,149.2915,148.2767
2024-04-15,154.448,152.9795,153.2673,152.3169,151.4006,150.5625,149.4586,148.4391
2024-04-16,154.7875,153.898,153.8373,152.7821,151.6647,150.8535,149.6262,148.6098
2024-04-17,154.736,154.1595,154.1359,153.2774,151.9321,151.1306,149.7729,148.7738
2024-04-18,154.68,153.954,154.4079,153.5163,152.185,151.3915,149.904,148.9218
2024-04-19,154.6755,153.59,154.6654,153.7162,152.4054,151.6137,150.0199,149.0522
2024-04-22,154.8525,154.471,154.7463,154.0145,152.6261,151.8362,150.1523,149.1963
2024-04-23,154.876,154.551,154.764,154.1451,152.7826,152.0582,150.2889,149.3447
2024-04-24,155.377,154.732,154.8922,154.2596,152.9248,152.2187,150.4161,149.4835
2024-04-25,155.7485,155.2005,155.1059,154.5089,153.0845,152.4161,150.5405,149.6195
2024-04-26,158.446,154.9675,155.86,154.7844,153.3478,152.5746,150.7122,149.7611
2024-04-29,160.2355,154.514,156.9366,154.793,153.6953,152.7131,150.9028,149.8896
2024-04-30,157.849,156.06,157.5312,155.0948,153.945,152.9073,151.0432,150.0293
2024-05-01,157.988,153.015,158.0534,154.7514,154.1856,152.9869,151.1692,150.1086
2024-05-02,156.288,153.059,158.1613,154.3231,154.3752,153.0633,151.2757,150.1806
2024-05-03,153.7995,151.858,157.232,153.7012,154.4671,153.0906,151.3423,150.2342
2024-05-06,154.0085,152.801,155.9866,153.3586,154.5564,153.1535,151.4183,150.3034
2024-05-07,154.749,153.863,155.3666,152.9192,154.6742,153.2495,151.499,150.3952
2024-05-08,155.686,154.574,154.9062,153.231,154.8235,153.3747,151.5961,150.5009
2024-05-09,155.954,155.154,154.8394,153.65,154.9908,153.5361,151.7029,150.6085
2024-05-10,155.9055,155.267,155.2606,154.3318,155.1569,153.7143,151.8054,150.7133
2024-05-13,156.253,155.5025,155.7095,154.8721,155.3293,153.871,151.9109,150.8233
2024-05-14,156.793,156.167,156.1183,155.3329,155.5235,154.0548,152.0291,150.9442
2024-05-15,156.5625,154.6915,156.2936,155.3564,155.6563,154.1752,152.1446,151.0599
2024-05-16,155.536,153.5995,156.21,155.0455,155.7449,154.2088,152.2554,151.1626
2024-05-17,155.981,155.2485,156.2251,155.0418,155.8486,154.3151,152.354,151.2827
2024-05-20,156.307,155.496,156.2359,155.0405,155.923,154.4157,152.4529,151.3791
2024-05-21,156.551,155.8425,156.1875,154.9756,155.9935,154.4935,152.5564,151.4861
2024-05-22,156.846,156.1175,156.2442,155.2608,156.0779,154.5718,152.6708,151.5994
2024-05-23,157.198,156.529,156.5766,155.8467,156.1786,154.6748,152.7737,151.7141
2024-05-24,157.1495,156.823,156.8103,156.1616,156.2776,154.8042,152.8747,151.8183
2024-05-27,157.014,156.664,156.9517,156.3952,156.3641,154.8919,152.9751,151.9214
2024-05-28,157.2015,156.5795,157.0818,156.5426,156.4571,154.973,153.0593,152.0196
2024-05-29,157.7115,156.8945,157.2549,156.698,156.5505,155.0595,153.1511,152.1069
2024-05-30,157.6735,156.3705,157.35,156.6663,156.6275,155.1063,153.245,152.1981
2024-05-31,157.365,156.5615,157.3931,156.614,156.5842,155.1701,153.3346,152.2879
2024-06-03,157.473,155.9495,157.4849,156.4711,156.4737,155.2275,153.4315,152.369
2024-06-04,156.487,154.5475,157.342,156.0647,156.4192,155.167,153.5121,152.4338
2024-06-05,156.4835,154.797,157.0964,155.6452,156.3591,155.2383,153.5933,152.4997
2024-06-06,156.448,155.3525,156.8513,155.4416,156.3655,155.33,153.6701,152.5708
2024-06-07,157.0765,155.121,156.7936,155.1535,156.4965,155.4605,153.7541,152.6352
2024-06-10,157.195,156.708,156.738,155.3052,156.624,155.6168,153.8389,152.7208
2024-06-11,157.405,156.807,156.9216,155.7571,156.7302,155.7346,153.9279,152.8105
2024-06-12,157.372,155.719,157.0993,155.9415,156.7977,155.7804,154.0149,152.8818
2024-06-13,157.312,156.583,157.2721,156.1876,156.852,155.8375,154.1029,152.9802
2024-06-14,158.2585,156.8005,157.5085,156.5235,156.9461,155.8989,154.2034,153.0721
2024-06-17,157.962,157.154,157.6619,156.6127,157.0145,155.9649,154.3019,153.1696
2024-06-18,158.2315,157.518,157.8272,156.7549,157.072,156.019,154.4044,153.2738
2024-06-19,158.136,157.6045,157.98,157.132,157.135,156.1355,154.5117,153.3873
2024-06-20,158.9395,157.923,158.3055,157.4,157.2711,156.3084,154.6382,153.5251
2024-06-21,159.838,158.666,158.6214,157.7731,157.4254,156.4451,154.7944,153.6876
2024-06-24,159.9345,158.733,159.0159,158.0889,157.5705,156.5746,154.9647,153.851
2024-06-25,159.7585,159.186,159.3213,158.4225,157.6988,156.7084,155.119,154.0185
2024-06-26,160.874,159.61,159.8689,158.8236,157.8599,156.8481,155.29,154.1835
2024-06-27,160.826,160.281,160.2462,159.2952,158.005,156.9981,155.4562,154.3548
2024-06-28,161.287,160.264,160.536,159.6148,158.1705,157.1358,155.6178,154.5179
2024-07-01,161.731,160.737,160.8953,160.0156,158.3592,157.2987,155.7831,154.6756
2024-07-02,161.746,161.2705,161.2928,160.4325,158.541,157.4863,155.9269,154.8392
2024-07-03,161.9515,160.768,161.5083,160.6641,158.7106,157.6413,156.062,154.9732
2024-07-04,161.676,160.9455,161.6783,160.797,158.8707,157.8243,156.1942,155.1156
2024-07-05,161.3975,160.332,161.7004,160.8106,159.032,157.9751,156.3213,155.2399
2024-07-08,161.119,160.261,161.578,160.7154,159.1778,158.1476,156.449,155.3627
2024-07-09,161.5205,160.733,161.5329,160.6079,159.3792,158.395,156.5811,155.4898
2024-07-10,161.807,161.264,161.504,160.7071,159.5921,158.6537,156.7123,155.6263
2024-07-11,161.76,157.4355,161.5208,160.0051,159.8046,158.737,156.8484,155.7101
2024-07-12,159.449,157.3635,161.1311,159.4114,159.8995,158.8267,156.9544,155.7926
2024-07-15,158.4235,157.1585,160.592,158.7909,159.9486,158.8447,157.043,155.8717
2024-07-16,158.857,158.0085,160.0593,158.246,160.0067,158.8928,157.1371,155.959
2024-07-17,158.628,156.054,159.4235,157.204,160.0569,158.9062,157.226,156.0204
2024-07-18,157.402,155.365,158.5519,156.7899,160.0605,158.8574,157.3011,156.077
2024-07-19,157.864,156.956,158.2349,156.7084,160.0448,158.8637,157.3826,156.159
2024-07-22,157.6155,156.285,158.0733,156.5337,160.0309,158.8289,157.4582,156.2216
2024-07-23,157.103,155.557,157.7225,156.0434,159.9858,158.7505,157.5271,156.2748
2024-07-24,155.9905,153.108,157.195,155.4542,159.8999,158.5706,157.5637,156.2938
2024-07-25,154.32,151.9405,156.5786,154.7693,159.7152,158.3313,157.5771,156.2828
2024-07-26,154.74,153.0925,155.9538,153.9966,159.5112,158.1084,157.5951,156.2895
2024-07-29,154.3555,153.015,155.3018,153.3426,159.2881,157.8796,157.5938,156.29
2024-07-30,155.2185,152.6445,154.9249,152.7601,159.1065,157.618,157.5996,156.2733
2024-07-31,153.9025,149.609,154.5073,152.0603,158.8276,157.2179,157.5885,156.2126
2024-08-01,150.8925,148.5115,153.8218,151.3745,158.4303,156.7472,157.538,156.14
2024-08-02,149.781,146.417,152.83,150.0394,157.97,156.1933,157.4727,156.0444
2024-08-05,146.5695,141.6865,151.2728,147.7737,157.3636,155.4313,157.3623,155.8739
2024-08-06,146.3735,143.626,149.5038,145.97,156.7487,154.7255,157.2489,155.7283
2024-08-07,147.9105,144.3005,148.3054,144.9083,156.187,154.0668,157.1494,155.5892
2024-08-08,147.5485,145.431,147.6366,144.2922,155.6219,153.4462,157.04,155.4589
2024-08-09,147.8225,146.266,147.2449,144.262,155.0789,152.8836,156.8984,155.3429
2024-08-12,148.2275,146.6465,147.5765,145.254,154.5633,152.339,156.7383,155.238
2024-08-13,147.9495,146.597,147.8917,145.8482,154.0204,151.7735,156.6063,155.1118
2024-08-14,147.5885,146.071,147.8273,146.2023,153.4517,151.1658,156.4676,155.0193
2024-08-15,149.4,147.055,148.1976,146.5271,152.9573,150.7506,156.3758,154.9392
2024-08-16,149.3525,147.5725,148.5036,146.7884,152.5534,150.359,156.3165,154.8821
2024-08-19,148.055,145.1875,148.4691,146.4966,152.1387,149.8801,156.2371,154.7805
2024-08-20,147.349,145.199,148.349,146.217,151.6784,149.3677,156.1384,154.665
2024-08-21,146.906,144.455,148.2125,145.8938,151.2095,148.9038,156.0214,154.5301
2024-08-22,146.529,144.8485,147.6383,145.4525,150.7746,148.4831,155.8957,154.3927
2024-08-23,146.482,144.047,147.0642,144.7474,150.3193,147.9668,155.7701,154.2431
2024-08-26,144.654,143.4465,146.384,144.3992,149.8008,147.4532,155.6154,154.0824
2024-08-27,145.1775,143.918,145.9497,144.143,149.3238,146.9877,155.4605,153.919
2024-08-28,145.042,143.6825,145.5769,143.9885,148.8859,146.6106,155.3069,153.7722
2024-08-29,145.557,144.221,145.3825,143.863,148.5354,146.3019,155.1739,153.6472
2024-08-30,146.25,144.653,145.3361,143.9842,148.1958,145.9643,155.0441,153.5059
2024-09-02,147.175,145.775,145.8403,144.4499,147.9085,145.6747,154.9224,153.3763
2024-09-03,147.2135,145.1315,146.2475,144.6926,147.5883,145.3742,154.7979,153.2335
2024-09-04,145.5625,143.7115,146.3516,144.6984,147.2547,145.1383,154.6474,153.0681
2024-09-05,144.2325,142.848,146.0867,144.4238,146.9883,144.9117,154.4745,152.8857
2024-09-06,144.07,141.7685,145.6507,143.8469,146.7599,144.7258,154.3002,152.6849
2024-09-09,143.8005,141.956,144.9758,143.0831,146.6491,144.7366,154.124,152.4888
2024-09-10,143.714,142.193,144.2759,142.4954,146.5428,144.6792,153.9441,152.297
2024-09-11,142.5485,140.709,143.6731,141.8949,146.3283,144.5356,153.742,152.0812
2024-09-12,143.047,141.727,143.436,141.6707,146.1482,144.3874,153.5469,151.886
2024-09-13,141.88,140.2825,142.998,141.3735,145.9105,144.1481,153.3405,151.6689
2024-09-16,140.919,139.5795,142.4217,140.8982,145.6182,143.8654,153.1198,151.4506
2024-09-17,142.467,140.323,142.1723,140.5242,145.3989,143.6144,152.9328,151.261
2024-09-18,142.715,140.441,142.2056,140.4706,145.2039,143.3892,152.7492,151.0696
2024-09-19,143.948,141.8825,142.3858,140.5017,144.9859,143.1823,152.5826,150.89
2024-09-20,144.497,141.7395,142.9092,140.7931,144.7916,142.949,152.4149,150.7116
2024-09-23,144.462,143.164,143.6178,141.51,144.6479,142.8681,152.2451,150.531
2024-09-24,144.684,143.113,144.0612,142.068,144.5413,142.7846,152.0755,150.3484
2024-09-25,144.845,142.8905,144.4872,142.5579,144.4589,142.7221,151.9084,150.1773
2024-09-26,145.2155,144.11,144.7407,143.0034,144.4063,142.6925,151.7472,150.011
2024-09-27,146.498,142.07,145.1409,143.0695,144.407,142.6134,151.5903,149.8146
2024-09-30,143.919,141.644,145.0323,142.7655,144.3776,142.5413,151.4031,149.6078
2024-10-01,144.531,142.971,145.0017,142.7371,144.3517,142.5035,151.2204,149.4139
2024-10-02,146.5205,143.4245,145.3368,142.8439,144.4109,142.4931,151.0656,149.2248
2024-10-03,147.2445,146.2845,145.7426,143.2788,144.4784,142.5757,150.9096,149.0696
2024-10-04,149.009,145.917,146.2448,144.0482,144.5887,142.6262,150.7652,148.8996
2024-10-07,149.1375,147.8415,147.2885,145.2877,144.6672,142.7089,150.6213,148.7544
2024-10-08,148.3815,147.344,148.0586,146.1623,144.7139,142.7974,150.4696,148.5965
2024-10-09,149.3665,148.01,148.6278,147.0794,144.8661,142.9693,150.3162,148.4418
2024-10-10,149.61,148.2535,149.1009,147.4732,145.0812,143.1856,150.1666,148.2815
2024-10-11,149.287,148.4045,149.1565,147.9707,145.2899,143.451,150.0066,148.1234
2024-10-14,149.9835,149.0745,149.3257,148.2173,145.5372,143.7357,149.85,147.9679
2024-10-15,149.8395,148.845,149.6173,148.5175,145.7822,144.0018,149.6912,147.8022
2024-10-16,149.809,148.86,149.7058,148.6875,146.0726,144.3279,149.5293,147.6434
2024-10-17,150.324,149.241,149.8486,148.885,146.3637,144.6284,149.378,147.4873
2024-10-18,150.2875,149.3655,150.0487,149.0772,146.7,144.9917,149.2298,147.3411
2024-10-21,150.887,149.0865,150.2294,149.0796,147.0987,145.372,149.0934,147.1921
2024-10-22,151.198,150.4935,150.5011,149.4093,147.448,145.7788,148.9558,147.0556
2024-10-23,153.191,151.0335,151.1775,149.844,147.867,146.2025,148.8409,146.9192
2024-10-24,152.8365,151.5515,151.68,150.3061,148.2226,146.5893,148.7219,146.8407
2024-10-25,152.3815,151.4485,152.0988,150.7227,148.5379,146.9777,148.6277,146.7619
2024-10-28,153.883,152.409,152.698,151.3872,148.9148,147.3475,148.5671,146.6986
2024-10-29,153.8675,152.7565,153.2319,151.8398,149.2821,147.7332,148.5006,146.6285
2024-10-30,153.5,152.78,153.2937,152.1891,149.6283,148.1288,148.4322,146.5849
2024-10-31,153.6275,151.833,153.4519,152.2454,149.9648,148.4377,148.3819,146.5378
2024-11-01,153.0945,151.7875,153.5945,152.3132,150.2287,148.8264,148.3183,146.4689
2024-11-04,152.5765,151.5345,153.3332,152.1383,150.575,149.222,148.2511,146.4055
2024-11-05,152.5455,151.3365,153.0688,151.8543,150.8955,149.5566,148.1904,146.3493
2024-11-06,154.7005,151.285,153.3089,151.5553,151.2227,149.8711,148.1732,146.3249
2024-11-07,154.7155,152.6925,153.5265,151.7272,151.5216,150.1274,148.1784,146.335
2024-11-08,153.37,152.1425,153.5816,151.7982,151.696,150.3764,148.1602,146.3223
2024-11-11,153.9545,152.66,153.8572,152.0233,151.8887,150.5691,148.1548,146.3176
2024-11-12,154.926,153.408,154.3333,152.4376,152.1505,150.8117,148.1509,146.3278
2024-11-13,155.6285,154.342,154.5189,153.049,152.401,151.065,148.1739,146.3909
2024-11-14,156.4215,155.345,154.8601,153.5795,152.6734,151.3486,148.2477,146.482
2024-11-15,156.751,153.861,155.5363,153.9232,152.972,151.5669,148.3406,146.5812
2024-11-18,155.36,153.8385,155.8174,154.1589,153.187,151.7575,148.4578,146.7433
2024-11-19,154.8,153.279,155.7922,154.1331,153.3855,151.9348,148.5701,146.872
2024-11-20,155.889,154.5315,155.8443,154.171,153.6287,152.1617,148.6765,147.0084
2024-11-21,155.544,153.9075,155.6688,153.8835,153.8375,152.3483,148.7831,147.1214
2024-11-22,155.029,153.967,155.3244,153.9047,154.0271,152.5324,148.8792,147.2241
2024-11-25,154.727,153.5485,155.1978,153.8467,154.1807,152.7109,148.9659,147.3161
2024-11-26,154.4925,152.986,155.1363,153.7881,154.3125,152.8106,149.0531,147.4013
2024-11-27,153.2335,150.455,154.6052,152.9728,154.3142,152.7874,149.1284,147.4597
2024-11-28,151.954,150.9185,153.8872,152.375,154.2789,152.7621,149.1624,147.5113
2024-11-29,151.558,149.471,153.193,151.4758,154.246,152.683,149.1918,147.5366
2024-12-02,150.7555,149.082,152.3987,150.5825,154.1209,152.5499,149.2279,147.5885
2024-12-03,150.239,148.6455,151.548,149.7144,153.9757,152.3855,149.2664,147.6344
2024-12-04,151.2335,149.4465,151.148,149.5127,153.8851,152.2522,149.3241,147.701
2024-12-05,150.78,149.655,150.9132,149.26,153.7712,152.165,149.3808,147.7651
2024-12-06,150.7005,149.364,150.7417,149.2386,153.6754,152.0681,149.437,147.836
2024-12-09,151.349,149.693,150.8604,149.3608,153.6263,151.9944,149.5263,147.9193
2024-12-10,152.182,150.8965,151.249,149.811,153.6118,151.9768,149.6197,148.0123
2024-12-11,152.8725,151.003,151.5768,150.1223,153.5386,151.9656,149.7241,148.1099
2024-12-12,152.776,151.8,151.976,150.5513,153.4611,151.9299,149.8203,148.211
2024-12-13,153.8025,152.4545,152.5964,151.1694,153.4784,151.9423,149.921,148.315
2024-12-16,154.479,153.3275,153.2224,151.8963,153.4993,151.969,150.0184,148.4157
2024-12-17,154.346,153.161,153.6552,152.3492,153.4761,151.9592,150.1135,148.5228
2024-12-18,154.779,153.3355,154.0365,152.8157,153.4422,151.9189,150.2364,148.6511
2024-12-19,157.809,154.4375,155.0431,153.3432,153.4977,151.8826,150.4174,148.8056
2024-12-20,157.9285,155.9545,155.8683,154.0432,153.5448,151.9663,150.6022,148.9947
2024-12-23,157.271,156.3385,156.4267,154.6454,153.6212,152.0663,150.7818,149.1865
2024-12-24,157.3945,156.891,157.0364,155.3914,153.725,152.2108,150.9642,149.3825
2024-12-26,158.088,157.071,157.6982,156.1385,153.8129,152.3124,151.1714,149.6006
2024-12-27,158.042,157.353,157.7448,156.7216,153.9129,152.4502,151.3713,149.809
2024-12-30,158.0755,156.6705,157.7742,156.8648,154.0347,152.5584,151.5873,150.0275
2024-12-31,157.552,156.0215,157.8304,156.8014,154.1477,152.6573,151.8091,150.2467
2025-01-02,157.852,156.438,157.9219,156.7108,154.2821,152.7954,152.0142,150.4616
2025-01-03,157.6355,156.876,157.8314,156.6718,154.4582,153.0522,152.2131,150.6807
2025-01-06,157.9625,156.24,157.8155,156.4492,154.6985,153.2651,152.4,150.8722
2025-01-07,158.428,157.366,157.886,156.5883,154.9733,153.5809,152.5857,151.0805
2025-01-08,158.553,157.8725,158.0862,156.9585,155.2852,153.9325,152.7736,151.2766
2025-01-09,158.4365,157.5755,158.2031,157.186,155.6131,154.2897,152.957,151.4695
2025-01-10,158.882,157.228,158.4524,157.2564,155.9191,154.6009,153.1441,151.6606
2025-01-13,157.9685,156.914,158.4536,157.3912,156.2066,154.8913,153.3142,151.8313
2025-01-14,158.1985,157.0565,158.4077,157.3293,156.5065,155.199,153.4702,152.0312
2025-01-15,158.085,155.9375,158.3141,156.9423,156.776,155.4488,153.6591,152.2217
2025-01-16,156.556,155.103,157.938,156.4478,156.9509,155.617,153.8194,152.3835
2025-01-17,156.374,154.979,157.4364,155.998,157.091,155.7761,153.9508,152.5376
2025-01-20,156.586,155.4115,157.1599,155.6975,157.2434,155.9205,154.0753,152.6593
2025-01-21,156.2385,154.7725,156.7679,155.2407,157.3408,156.0133,154.1717,152.7773
2025-01-22,156.711,155.3555,156.4931,155.1243,157.4301,156.0944,154.2727,152.8775
2025-01-23,156.7555,155.7445,156.533,155.2526,157.5265,156.1977,154.3844,152.9895
2025-01-24,156.577,154.842,156.5736,155.2252,157.5984,156.258,154.4805,153.0806
2025-01-27,156.25,153.714,156.5064,154.8857,157.536,156.229,154.569,153.1534
2025-01-28,155.98,154.4615,156.4547,154.8235,157.4581,156.1693,154.6583,153.2342
2025-01-29,155.791,154.94,156.2707,154.7404,157.3989,156.1134,154.7357,153.3124
2025-01-30,155.3795,153.79,155.9955,154.3495,157.3183,155.9893,154.8096,153.3783
2025-01-31,155.223,153.9175,155.7247,154.1646,157.2037,155.8632,154.8818,153.4458
2025-02-03,155.888,154.012,155.6523,154.2242,157.1175,155.7296,154.956,153.5094
2025-02-04,155.527,154.1745,155.5617,154.1668,157.0156,155.6297,155.0258,153.5735
2025-02-05,154.464,152.1135,155.2963,153.6015,156.8921,155.4734,155.0735,153.6139
2025-02-06,152.8995,151.2385,154.8003,153.0912,156.694,155.2654,155.0962,153.6238
2025-02-07,152.431,150.93,154.2419,152.4937,156.4858,155.0276,155.0861,153.6224
2025-02-10,152.5395,151.1945,153.5722,151.9302,156.2689,154.8258,155.0821,153.6176
2025-02-11,152.6085,151.649,152.9885,151.4251,156.0361,154.5971,155.0851,153.6203
2025-02-12,154.804,152.3895,153.0565,151.4803,155.8861,154.3778,155.0974,153.6201
2025-02-13,154.6705,152.7015,153.4107,151.7729,155.7355,154.1828,155.1081,153.6193
2025-02-14,153.156,152.022,153.5557,151.9913,155.5065,153.9746,155.1035,153.6092
2025-02-17,152.3945,151.3395,153.5267,152.0203,155.2835,153.7516,155.0871,153.6026
2025-02-18,152.226,151.234,153.4502,151.9373,155.0446,153.5187,155.0755,153.5953
2025-02-19,152.316,151.244,152.9526,151.7082,154.8138,153.3309,155.072,153.5914
2025-02-20,151.526,149.3975,152.3237,151.0474,154.6126,153.1027,155.0584,153.5655
2025-02-21,150.739,148.9235,151.8403,150.4277,154.3872,152.8605,155.0056,153.534
2025-02-24,149.876,148.845,151.3366,149.9288,154.1188,152.5978,154.9411,153.4827
2025-02-25,150.303,148.5605,150.952,149.3941,153.8814,152.3494,154.9002,153.435
2025-02-26,149.888,148.622,150.4664,148.8697,153.6085,152.08,154.846,153.3811
2025-02-27,150.166,148.7465,150.1944,148.7395,153.3449,151.8001,154.7825,153.319
2025-02-28,150.99,149.1005,150.2446,148.7749,153.1214,151.5704,154.7207,153.2491
2025-03-03,151.305,149.101,150.5304,148.8261,152.9236,151.3859,154.6524,153.1659
2025-03-04,149.6455,148.0955,150.3989,148.7331,152.6703,151.1313,154.5577,153.089
2025-03-05,150.187,148.3975,150.4587,148.6882,152.4461,150.8696,154.4887,153.0164
2025-03-06,149.337,147.313,150.2929,148.4015,152.2044,150.6105,154.4159,152.9369
2025-03-07,148.205,146.944,149.7359,147.9702,151.9237,150.3316,154.3134,152.8357
2025-03-10,147.9615,146.628,149.0672,147.4756,151.6066,150.0362,154.2123,152.7387
2025-03-11,148.123,146.542,148.7627,147.1649,151.3105,149.7309,154.1203,152.6397
2025-03-12,149.1985,147.6765,148.565,147.0207,151.0998,149.5534,154.0465,152.5614
2025-03-13,148.375,147.4125,148.3726,147.0406,150.9189,149.4004,153.965,152.4871
2025-03-14,149.024,147.7465,148.5364,147.2011,150.7826,149.273,153.9089,152.4509
2025-03-17,149.2845,148.247,148.801,147.5249,150.6524,149.1551,153.8733,152.4153
2025-03-18,149.937,149.099,149.1638,148.0363,150.5455,149.0531,153.8516,152.4104
2025-03-19,150.1485,148.608,149.3538,148.2226,150.3593,148.9019,153.8436,152.404
2025-03-20,148.963,148.1745,149.4714,148.375,150.131,148.7208,153.8265,152.3978
2025-03-21,149.667,148.587,149.6,148.5431,149.9914,148.5834,153.8057,152.3863
2025-03-24,150.757,149.363,149.8945,148.7663,149.9259,148.5043,153.8053,152.3824
2025-03-25,150.944,149.5505,150.0959,148.8566,149.8747,148.437,153.8086,152.3849
2025-03-26,150.7465,149.8415,150.2155,149.1033,149.8119,148.3809,153.8006,152.3869
2025-03-27,151.1575,150.0605,150.6544,149.4805,149.7971,148.4074,153.7869,152.3757
2025-03-28,151.212,149.684,150.9634,149.6999,149.8161,148.4378,153.7648,152.3581
2025-03-31,150.268,148.702,150.8656,149.5677,149.8317,148.4321,153.7313,152.3168
2025-04-01,150.1435,148.9755,150.7055,149.4527,149.8254,148.4487,153.6825,152.2704
2025-04-02,150.4925,149.1015,150.6547,149.3047,149.8495,148.4679,153.6294,152.2141
2025-04-03,149.142,145.1855,150.2516,148.3297,149.8086,148.3255,153.56,152.1078
2025-04-04,147.4355,144.553,149.4963,147.3035,149.6664,148.1436,153.4621,151.9907
2025-04-07,148.151,144.821,149.0729,146.5273,149.5402,147.9724,153.3333,151.8624
2025-04-08,148.124,145.966,148.669,145.9254,149.4794,147.8872,153.2026,151.7293
2025-04-09,148.2845,143.9915,148.2274,144.9034,149.4033,147.7109,153.0828,151.5646
2025-04-10,147.8855,144.0085,147.9761,144.668,149.3452,147.5788,152.956,151.3929
2025-04-11,144.653,142.0505,147.4196,144.1675,149.2031,147.383,152.7768,151.1926
2025-04-14,144.085,142.2315,146.6064,143.6496,149.0481,147.2072,152.5907,150.991
2025-04-15,143.596,142.597,145.7008,142.9758,148.867,147.0494,152.3977,150.8033
2025-04-16,143.2855,141.639,144.701,142.5053,148.6305,146.8079,152.2075,150.6116
2025-04-17,143.092,141.6145,143.7423,142.0265,148.4192,146.5759,152.0107,150.4139
2025-04-18,142.529,142.116,143.3175,142.0396,148.1594,146.3507,151.8092,150.2171
2025-04-21,141.5975,140.472,142.82,141.6877,147.8519,146.0397,151.591,150.0069
2025-04-22,141.671,139.887,142.435,141.1457,147.5212,145.6712,151.3676,149.7738
2025-04-23,143.5765,141.4865,142.4932,141.1152,147.2584,145.3864,151.1679,149.5553
2025-04-24,143.4095,142.279,142.5567,141.2481,147.0362,145.1506,150.9676,149.3514
2025-04-25,144.0335,142.6015,142.8576,141.3452,146.8109,144.9111,150.7696,149.1564
2025-04-28,143.8965,141.985,143.3174,141.6478,146.5365,144.616,150.582,148.9573
2025-04-29,142.76,141.9685,143.5352,142.0641,146.2091,144.3127,150.3761,148.7561
2025-04-30,143.196,142.164,143.4591,142.1996,145.9071,144.0056,150.1776,148.5725
2025-05-01,145.736,142.8785,143.9244,142.3195,145.6902,143.7184,150.0333,148.4095
2025-05-02,145.9275,143.729,144.3032,142.545,145.4788,143.4802,149.894,148.2595
2025-05-05,144.995,143.541,144.5229,142.8562,145.2679,143.2737,149.7395,148.1012
2025-05-06,144.277,142.3555,144.8263,142.9336,145.0333,143.0089,149.58,147.9357
2025-05-07,144.003,142.417,144.9877,142.9842,144.7737,142.7415,149.4106,147.7632
2025-05-08,146.179,143.448,145.0763,143.0981,144.6552,142.672,149.2696,147.5992
2025-05-09,146.189,144.8265,145.1286,143.3176,144.6053,142.683,149.131,147.4657
2025-05-12,148.653,145.7025,145.8602,143.7499,144.6254,142.7182,149.0298,147.3588
2025-05-13,148.4675,147.375,146.6983,144.7538,144.6391,142.7746,148.9296,147.2644
2025-05-14,147.6745,145.6025,147.4326,145.3909,144.6147,142.839,148.8214,147.1399
2025-05-15,146.7565,145.4135,147.5481,145.784,144.5696,142.8952,148.7064,147.0282
2025-05-16,146.1025,144.9215,147.5308,145.803,144.6275,143.0101,148.5848,146.9082
2025-05-19,145.474,144.661,146.895,145.5947,144.6831,143.1073,148.4459,146.7835
2025-05-20,145.514,144.091,146.3043,144.9379,144.7598,143.167,148.3124,146.6491
2025-05-21,144.6095,143.2835,145.6913,144.4741,144.8128,143.2328,148.181,146.5314
2025-05-22,144.4075,142.804,145.2215,143.9522,144.8654,143.2804,148.0678,146.4189
2025-05-23,144.123,142.423,144.8256,143.4525,144.9292,143.2927,147.957,146.3055
2025-05-26,143.086,142.2255,144.348,142.9654,144.9887,143.3628,147.831,146.1859
2025-05-27,144.464,142.111,144.138,142.5694,145.1004,143.4518,147.7224,146.0587
2025-05-28,145.08,143.8515,144.2321,142.683,145.1606,143.5464,147.5927,145.9449
2025-05-29,146.2875,143.9615,144.6081,142.9145,145.2757,143.6137,147.481,145.8283
2025-05-30,144.4475,143.4395,144.673,143.1178,145.2922,143.6472,147.3649,145.7139
2025-06-02,143.989,142.541,144.8536,143.1809,145.2959,143.6694,147.2528,145.5966
2025-06-03,144.112,142.3785,144.7832,143.2344,145.35,143.6858,147.1446,145.4785
2025-06-04,144.3965,142.6055,144.6465,142.9852,145.398,143.7035,147.039,145.3633
2025-06-05,143.9805,142.533,144.1851,142.6995,145.3278,143.6897,146.9384,145.2718
2025-06-06,145.091,143.4505,144.3138,142.7017,145.2944,143.6785,146.8631,145.1988
2025-06-09,144.9535,143.976,144.5067,142.9887,145.2927,143.6959,146.7975,145.1339
2025-06-10,145.2895,144.402,144.7422,143.3934,145.3332,143.7778,146.7306,145.0785
2025-06-11,145.4665,144.3235,144.9562,143.737,145.3917,143.854,146.6717,145.0212
2025-06-12,144.5655,143.1845,145.0732,143.8673,145.3272,143.8435,146.597,144.947
2025-06-13,144.4845,142.794,144.9519,143.736,145.259,143.7622,146.5102,144.8629
2025-06-16,144.878,143.65,144.9368,143.6708,145.108,143.6801,146.4245,144.7902
2025-06-17,145.3825,144.393,144.9554,143.669,144.9846,143.5608,146.3677,144.7409
2025-06-18,145.444,144.3295,144.9509,143.6702,144.8954,143.5099,146.3045,144.6866
2025-06-19,145.7715,144.735,145.1921,143.9803,144.856,143.4828,146.2569,144.6523
2025-06-20,146.217,145.122,145.5386,144.4459,144.8606,143.4908,146.2304,144.628
2025-06-23,148.0325,146.013,146.1695,144.9185,144.9629,143.5449,146.2314,144.6198
2025-06-24,146.1925,144.513,146.3315,144.9425,144.9901,143.5617,146.2056,144.5927
2025-06-25,145.9525,144.609,146.4332,144.9984,145.0438,143.6148,146.1623,144.5518
2025-06-26,145.267,143.753,146.3323,144.802,145.0782,143.6527,146.1209,144.503
2025-06-27,144.949,144.178,146.0787,144.6132,145.1112,143.7229,146.0666,144.4554
2025-06-30,144.766,143.7805,145.4254,144.1667,145.1784,143.7851,146.0063,144.3959
2025-07-01,144.083,142.6835,145.0035,143.8008,145.1632,143.808,145.9283,144.3103
2025-07-02,144.247,143.319,144.6624,143.5428,145.1298,143.7867,145.8496,144.2398
2025-07-03,145.238,143.447,144.6566,143.4816,145.0879,143.7661,145.7999,144.1768
2025-07-04,144.9815,144.184,144.6631,143.4828,145.1092,143.7959,145.7374,144.1181
2025-07-07,146.2415,144.2255,144.9582,143.5718,145.1993,143.8633,145.6772,144.0496
2025-07-08,146.9775,145.831,145.5371,144.2013,145.3139,144.0014,145.6244,144.0
2025-07-09,147.184,146.249,146.1245,144.7873,145.4254,144.1471,145.5769,143.9521
2025-07-10,146.789,145.756,146.4347,145.2491,145.5378,144.2761,145.5186,143.8947
2025-07-11,147.5235,146.1315,146.9431,145.6386,145.6351,144.3833,145.4694,143.8473
2025-07-14,147.7825,146.8495,147.2513,146.1634,145.7482,144.4982,145.4363,143.8226
2025-07-15,149.0225,147.552,147.6603,146.5076,145.8976,144.6242,145.4213,143.8036
2025-07-16,149.1865,146.9105,148.0608,146.6399,146.0464,144.7277,145.4039,143.7744
2025-07-17,149.0915,147.728,148.5213,147.0343,146.2274,144.9095,145.4033,143.8083
2025-07-18,148.8855,148.186,148.7937,147.4452,146.4034,145.1251,145.4226,143.8568
2025-07-21,148.667,147.082,148.9706,147.4917,146.555,145.2624,145.4295,143.8869
2025-07-22,147.9485,146.306,148.7558,147.2425,146.6576,145.3389,145.4271,143.8915
2025-07-23,147.2155,146.108,148.3616,147.082,146.7285,145.4101,145.4129,143.9197
2025-07-24,147.027,145.8555,147.9487,146.7075,146.7787,145.4549,145.4014,143.9443
2025-07-25,147.943,146.811,147.7602,146.4325,146.8478,145.5225,145.4453,144.0078
2025-07-28,148.579,147.5165,147.7426,146.5194,146.8696,145.5826,145.5052,144.0782
2025-07-29,148.8095,148.1585,147.9148,146.8899,146.9743,145.7284,145.5747,144.1524
2025-07-30,149.538,147.803,148.3793,147.2289,147.1177,145.8562,145.6581,144.2346
2025-07-31,150.841,148.5885,149.1421,147.7755,147.3407,146.0496,145.7614,144.3276
2025-08-01,150.921,147.292,149.7377,147.8717,147.5796,146.1742,145.8733,144.3966
2025-08-04,148.089,146.8665,149.6397,147.7417,147.7125,146.2976,145.9599,144.4818
2025-08-05,147.8365,146.6195,149.4451,147.4339,147.8626,146.455,146.0421,144.5716
2025-08-06,147.8855,146.9775,149.1146,147.2688,148.0082,146.6014,146.0995,144.6448
2025-08-07,147.713,146.692,148.489,146.8895,148.1072,146.7312,146.1569,144.7037
2025-08-08,147.906,146.722,147.886,146.7755,148.2241,146.8327,146.2085,144.7586
2025-08-11,148.254,147.3515,147.919,146.8725,148.3046,146.9577,146.2666,144.8302
2025-08-12,148.5205,147.579,148.0558,147.0644,148.3664,147.0277,146.3434,144.905
2025-08-13,148.1715,147.0865,148.113,147.0862,148.4059,147.0612,146.4098,144.9706
2025-08-14,147.9665,146.2165,148.1637,146.9911,148.453,147.0796,146.4395,145.0151
2025-08-15,147.8875,146.739,148.16,146.9945,148.4675,147.1039,146.4657,145.0552
2025-08-18,147.986,147.084,148.1064,146.941,148.4757,147.1133,146.5055,145.1025
2025-08-19,148.115,147.443,148.0253,146.9138,148.4394,147.1089,146.5567,145.1703
2025-08-20,147.8165,146.8715,147.9543,146.8708,148.3846,147.1073,146.6076,145.2297
2025-08-21,148.4075,147.256,148.0425,147.0787,148.3572,147.0885,146.6373,145.2805
2025-08-22,148.778,146.574,148.2206,147.0457,148.3529,147.024,146.6718,145.3038
2025-08-25,147.939,146.809,148.2112,146.9907,148.3238,147.0131,146.6623,145.3185
2025-08-26,147.91,146.989,148.1702,146.8999,148.3222,147.0404,146.6548,145.3134
2025-08-27,148.1855,147.2945,148.244,146.9845,148.361,147.0878,146.6616,145.3359
2025-08-28,147.4905,146.6595,148.0606,146.8652,148.3796,147.12,146.6714,145.3526
2025-08-29,147.4105,146.764,147.7871,146.9032,148.3583,147.1181,146.6889,145.3771
2025-09-01,147.38,146.7865,147.6753,146.8987,148.3103,147.0889,146.7143,145.4055
2025-09-02,148.946,147.048,147.8825,146.9105,148.3158,147.0445,146.76,145.4449
2025-09-03,149.137,147.8795,148.0728,147.0275,148.2997,147.0476,146.8204,145.5062
2025-09-04,148.779,147.791,148.3305,147.2538,148.2173,147.0157,146.8787,145.5727
2025-09-05,148.543,146.818,148.557,147.2646,148.1221,146.9967,146.9376,145.6313
2025-09-08,148.5785,147.3405,148.7967,147.3754,148.1417,147.0157,147.0109,145.6995
2025-09-09,147.557,146.309,148.5189,147.2276,148.1305,147.0032,147.0521,145.7554
2025-09-10,147.6485,147.103,148.2212,147.0723,148.1211,147.0083,147.0864,145.7988
2025-09-11,148.1875,146.989,148.1029,146.9119,148.14,147.0201,147.1117,145.8392
2025-09-12,148.076,147.1195,148.0095,146.9722,148.1468,147.036,147.1601,145.8882
2025-09-15,147.805,147.232,147.8548,146.9505,148.1289,147.0313,147.2109,145.9508
2025-09-16,147.54,146.277,147.8514,146.9441,148.0897,146.9792,147.2567,146.0027
2025-09-17,147.05,145.483,147.7317,146.6201,148.0448,146.915,147.292,146.0411
2025-09-18,148.2685,146.7695,147.7479,146.5762,148.0569,146.9372,147.3492,146.0976
2025-09-19,148.284,147.195,147.7895,146.5913,148.0727,146.9554,147.3918,146.1475
2025-09-22,148.3785,147.6595,147.9042,146.6768,148.0884,146.9784,147.4374,146.1966
2025-09-23,147.9285,147.4625,147.9819,146.9139,148.081,146.9792,147.4726,146.2374
2025-09-24,148.919,147.517,148.3557,147.3207,148.1251,147.005,147.5187,146.28
2025-09-25,149.9295,148.56,148.6879,147.6788,148.186,147.0572,147.5902,146.3517
2025-09-26,149.9615,149.405,149.0234,148.1208,148.2333,147.1704,147.6632,146.4398
2025-09-29,149.5395,148.472,149.2556,148.2833,148.2973,147.2369,147.7254,146.5041
2025-09-30,148.85,147.651,149.4399,148.321,148.3349,147.2634,147.7716,146.5476
2025-10-01,148.227,146.585,149.3015,148.1346,148.3366,147.235,147.8087,146.5777
2025-10-02,147.516,146.601,148.8188,147.7428,148.3376,147.2327,147.832,146.6025
2025-10-03,147.819,147.085,148.3903,147.2788,148.3539,147.2455,147.8533,146.6287
2025-10-06,150.4775,149.0505,148.5779,147.3945,148.4778,147.3361,147.8859,146.6692
2025-10-07,152.046,150.248,149.2171,147.9139,148.6018,147.4641,147.964,146.7457
2025-10-08,153.0,151.741,150.1717,148.9451,148.7564,147.6186,148.0579,146.8408
2025-10-09,153.235,152.1095,151.3155,150.0468,148.9346,147.7913,148.1642,146.9522
2025-10-10,153.277,151.1415,152.4071,150.8581,149.124,147.9642,148.2752,147.045
2025-10-13,152.4525,151.723,152.8021,151.3926,149.2789,148.1395,148.3777,147.1509
2025-10-14,152.614,151.6055,152.9157,151.6641,149.4812,148.3514,148.4915,147.2699
2025-10-15,151.875,150.8995,152.6907,151.4958,149.6503,148.5033,148.5932,147.371
2025-10-16,151.4005,150.2125,152.3238,151.1164,149.7788,148.6322,148.6753,147.4612
2025-10-17,150.6405,149.3765,151.7965,150.7634,149.8814,148.7225,148.7508,147.5304
2025-10-20,151.206,150.275,151.5472,150.4738,150.0174,148.8442,148.817,147.6111
2025-10-21,152.1765,150.472,151.4597,150.2471,150.2029,149.012,148.8863,147.6729
2025-10-22,152.046,151.4885,151.4939,150.3649,150.4027,149.2522,148.9511,147.7428
2025-10-23,152.7985,151.8215,151.7735,150.6867,150.5839,149.4543,149.0312,147.8237
2025-10-24,153.0635,152.2545,152.2581,151.2623,150.7751,149.6567,149.1051,147.9053
